Datetime,Open,High,Low,Close,Volume,Dividends,Stock Splits
2024-10-05 21:00:00+00:00,0.10809933394193649,0.10915183275938034,0.10809933394193649,0.10913090407848358,663008,0.0,0.0
2024-10-05 22:30:00+00:00,0.10913988947868347,0.10969346016645432,0.10913988947868347,0.10949248820543289,3044768,0.0,0.0
2024-10-06 00:00:00+00:00,0.10947819799184799,0.10988523811101913,0.10905926674604416,0.10988523811101913,1648448,0.0,0.0
2024-10-06 01:30:00+00:00,0.1098877489566803,0.10999694466590881,0.1095321774482727,0.10958215594291687,2587776,0.0,0.0
2024-10-06 03:00:00+00:00,0.10958118736743927,0.1096334308385849,0.10862721502780914,0.10904596000909805,974528,0.0,0.0
2024-10-06 04:30:00+00:00,0.10903967916965485,0.10903967916965485,0.10854262113571167,0.10872907191514969,1611360,0.0,0.0
2024-10-06 06:00:00+00:00,0.10872446000576019,0.10900962352752686,0.10851237922906876,0.10879581421613693,1161760,0.0,0.0
2024-10-06 07:30:00+00:00,0.1088041439652443,0.10945238173007965,0.10879923403263092,0.10908490419387817,1768032,0.0,0.0
2024-10-06 09:00:00+00:00,0.1090850755572319,0.10945668071508408,0.10904437303543091,0.10905665159225464,0,0.0,0.0
2024-10-06 10:30:00+00:00,0.10905783623456955,0.10940263420343399,0.10886093974113464,0.10937385261058807,2320512,0.0,0.0
2024-10-06 12:00:00+00:00,0.10937407612800598,0.11009903997182846,0.10928734391927719,0.11000201851129532,8816064,0.0,0.0
2024-10-06 13:30:00+00:00,0.11000095307826996,0.11258924007415771,0.10964774340391159,0.11258924007415771,28255200,0.0,0.0
2024-10-06 15:00:00+00:00,0.1125781238079071,0.11263824999332428,0.11128634959459305,0.11143777519464493,45594144,0.0,0.0
2024-10-06 16:30:00+00:00,0.1114388108253479,0.11162737011909485,0.11101274192333221,0.11109863221645355,5626976,0.0,0.0
2024-10-06 18:00:00+00:00,0.11109858006238937,0.11166960000991821,0.11106923967599869,0.1115691140294075,1540928,0.0,0.0
2024-10-06 19:30:00+00:00,0.11157511919736862,0.11164608597755432,0.11063888669013977,0.11066170036792755,444736,0.0,0.0
2024-10-06 21:00:00+00:00,0.1106693372130394,0.11104272305965424,0.10976453870534897,0.11033736914396286,7056992,0.0,0.0
2024-10-06 22:30:00+00:00,0.11033684015274048,0.1117028146982193,0.11033684015274048,0.11147423088550568,12433600,0.0,0.0
2024-10-07 00:00:00+00:00,0.11148207634687424,0.11421070247888565,0.11119216680526733,0.11381808668375015,51616896,0.0,0.0
2024-10-07 01:30:00+00:00,0.11381673067808151,0.11520905047655106,0.11381673067808151,0.1144748255610466,46815456,0.0,0.0
2024-10-07 03:00:00+00:00,0.11447711288928986,0.11448932439088821,0.11344189196825027,0.1140645444393158,16291840,0.0,0.0
2024-10-07 04:30:00+00:00,0.11406721919775009,0.11408428102731705,0.11348540335893631,0.11363334208726883,11097024,0.0,0.0
2024-10-07 06:00:00+00:00,0.1136300340294838,0.11436866968870163,0.11360781639814377,0.11377108097076416,16963072,0.0,0.0
2024-10-07 07:30:00+00:00,0.11373923718929291,0.11446544528007507,0.11351729184389114,0.1135275810956955,29470848,0.0,0.0
2024-10-07 09:00:00+00:00,0.11352445930242538,0.11352445930242538,0.11130047589540482,0.11135957390069962,54476096,0.0,0.0
2024-10-07 10:30:00+00:00,0.1113477274775505,0.11175939440727234,0.11073973029851913,0.11126810312271118,30586432,0.0,0.0
2024-10-07 12:00:00+00:00,0.1112840548157692,0.11164388805627823,0.11099927872419357,0.11162817478179932,12299328,0.0,0.0
2024-10-07 13:30:00+00:00,0.1116306483745575,0.11446908861398697,0.11137280613183975,0.1132834404706955,51155712,0.0,0.0
2024-10-07 15:00:00+00:00,0.11324365437030792,0.11324365437030792,0.11182904988527298,0.11253166198730469,5512704,0.0,0.0
2024-10-07 16:30:00+00:00,0.11255186796188354,0.1128576323390007,0.11201812326908112,0.11232249438762665,8836288,0.0,0.0
2024-10-07 18:00:00+00:00,0.11233001202344894,0.1124061867594719,0.10962794721126556,0.11036626249551773,44607936,0.0,0.0
2024-10-07 19:30:00+00:00,0.11036752164363861,0.1111060306429863,0.11033646017313004,0.11082412302494049,16459648,0.0,0.0
2024-10-07 21:00:00+00:00,0.1108136773109436,0.11224312335252762,0.11075837165117264,0.11195433884859085,29338368,0.0,0.0
2024-10-07 22:30:00+00:00,0.11195416748523712,0.11195416748523712,0.10871709883213043,0.10871709883213043,27374656,0.0,0.0
2024-10-08 00:00:00+00:00,0.10854711383581161,0.1093435287475586,0.10827049612998962,0.10873398929834366,10416832,0.0,0.0
2024-10-08 01:30:00+00:00,0.1088060662150383,0.1097039207816124,0.10878940671682358,0.10955554246902466,321536,0.0,0.0
2024-10-08 03:00:00+00:00,0.10959529876708984,0.10968833416700363,0.10926280170679092,0.10955997556447983,3205312,0.0,0.0
2024-10-08 04:30:00+00:00,0.10956253856420517,0.10965199768543243,0.10767804086208344,0.10783436894416809,16144064,0.0,0.0
2024-10-08 06:00:00+00:00,0.10782906413078308,0.10794893652200699,0.10658367723226547,0.10673969238996506,20178496,0.0,0.0
2024-10-08 07:30:00+00:00,0.10677516460418701,0.10770653933286667,0.10677516460418701,0.10759063065052032,12430272,0.0,0.0
2024-10-08 09:00:00+00:00,0.10760178416967392,0.10778306424617767,0.10719882696866989,0.1072823628783226,330688,0.0,0.0
2024-10-08 10:30:00+00:00,0.10728486627340317,0.10788892209529877,0.10724875330924988,0.10788892209529877,12520128,0.0,0.0
2024-10-08 12:00:00+00:00,0.10789435356855392,0.10795837640762329,0.10640872269868851,0.10697005689144135,12471744,0.0,0.0
2024-10-08 13:30:00+00:00,0.10696562379598618,0.10824231058359146,0.10635673254728317,0.10710074007511139,9183296,0.0,0.0
2024-10-08 15:00:00+00:00,0.10712026804685593,0.1073121652007103,0.10553820431232452,0.1067574992775917,15457088,0.0,0.0
2024-10-08 16:30:00+00:00,0.10678518563508987,0.1075354591012001,0.10652147233486176,0.10682816803455353,4977344,0.0,0.0
2024-10-08 18:00:00+00:00,0.10701249539852142,0.10743705928325653,0.10631696879863739,0.10661143809556961,714752,0.0,0.0
2024-10-08 19:30:00+00:00,0.10661069303750992,0.1074933111667633,0.10661069303750992,0.10736202448606491,1864576,0.0,0.0
2024-10-08 21:00:00+00:00,0.1073707565665245,0.10796282440423965,0.10725361853837967,0.10741075128316879,146688,0.0,0.0
2024-10-08 22:30:00+00:00,0.10741250216960907,0.10745035111904144,0.10662342607975006,0.10709382593631744,802496,0.0,0.0
2024-10-09 00:00:00+00:00,0.10704579204320908,0.10848493874073029,0.10704579204320908,0.10848493874073029,8628352,0.0,0.0
2024-10-09 01:30:00+00:00,0.10851181298494339,0.10919851064682007,0.10851181298494339,0.10873911529779434,6199936,0.0,0.0
2024-10-09 03:00:00+00:00,0.10864881426095963,0.10905615985393524,0.10847131907939911,0.1087956503033638,8085760,0.0,0.0
2024-10-09 04:30:00+00:00,0.10882997512817383,0.10949340462684631,0.10848826915025711,0.10946469753980637,413120,0.0,0.0
2024-10-09 06:00:00+00:00,0.10941413044929504,0.10941413044929504,0.10853706300258636,0.10862011462450027,0,0.0,0.0
2024-10-09 07:30:00+00:00,0.10862921923398972,0.10902231186628342,0.10852324217557907,0.10860582441091537,4742336,0.0,0.0
2024-10-09 09:00:00+00:00,0.10866417735815048,0.10918094962835312,0.10866417735815048,0.10881485790014267,3602304,0.0,0.0
2024-10-09 10:30:00+00:00,0.10883697867393494,0.11035403609275818,0.10883697867393494,0.11031787097454071,16090240,0.0,0.0
2024-10-09 12:00:00+00:00,0.11032944917678833,0.11091063171625137,0.10890144109725952,0.1089794859290123,53509696,0.0,0.0
2024-10-09 13:30:00+00:00,0.10898413509130478,0.10902109742164612,0.10832274705171585,0.1085597351193428,10006912,0.0,0.0
2024-10-09 15:00:00+00:00,0.10878726840019226,0.11112693697214127,0.10878726840019226,0.10968224704265594,28595392,0.0,0.0
2024-10-09 16:30:00+00:00,0.10965150594711304,0.11000601202249527,0.10939785838127136,0.10984592139720917,6253184,0.0,0.0
2024-10-09 18:00:00+00:00,0.10986145585775375,0.10997830331325531,0.10846523195505142,0.10846523195505142,14636352,0.0,0.0
2024-10-09 19:30:00+00:00,0.108474962413311,0.10901585966348648,0.10661442577838898,0.10663186758756638,27268800,0.0,0.0
2024-10-09 21:00:00+00:00,0.10638903081417084,0.10773634165525436,0.1063857153058052,0.10715639591217041,15319744,0.0,0.0
2024-10-09 22:30:00+00:00,0.10720133781433105,0.10809970647096634,0.10719767212867737,0.10799295455217361,7152384,0.0,0.0
2024-10-10 00:00:00+00:00,0.1079292744398117,0.10802198946475983,0.10712864995002747,0.10790890455245972,6170688,0.0,0.0
2024-10-10 01:30:00+00:00,0.10791260749101639,0.10791260749101639,0.1073702871799469,0.10781749337911606,2355456,0.0,0.0
2024-10-10 03:00:00+00:00,0.10781487077474594,0.10818558186292648,0.10763934999704361,0.108175128698349,1180096,0.0,0.0
2024-10-10 04:30:00+00:00,0.10821552574634552,0.10844268649816513,0.10767257958650589,0.10824886709451675,1820608,0.0,0.0
2024-10-10 06:00:00+00:00,0.10825936496257782,0.10825936496257782,0.10758402198553085,0.10758402198553085,2904704,0.0,0.0
2024-10-10 07:30:00+00:00,0.10756287723779678,0.10756287723779678,0.10635687410831451,0.10635687410831451,13288256,0.0,0.0
2024-10-10 09:00:00+00:00,0.10626078397035599,0.10657810419797897,0.10591843724250793,0.10656100511550903,18911168,0.0,0.0
2024-10-10 10:30:00+00:00,0.10656176507472992,0.10715550184249878,0.10656176507472992,0.10715550184249878,143194176,0.0,0.0
2024-10-10 12:00:00+00:00,0.10717882215976715,0.1072184145450592,0.10571613162755966,0.1066930741071701,7534080,0.0,0.0
2024-10-10 13:30:00+00:00,0.1066732332110405,0.1066732332110405,0.10458323359489441,0.10495107620954514,14883520,0.0,0.0
2024-10-10 15:00:00+00:00,0.1049085184931755,0.10567063093185425,0.10458159446716309,0.10539969801902771,9667520,0.0,0.0
2024-10-10 16:30:00+00:00,0.10539969801902771,0.10539969801902771,0.10392974317073822,0.10392974317073822,14498944,0.0,0.0
2024-10-10 18:00:00+00:00,0.10391104966402054,0.10465428233146667,0.1033690795302391,0.10438309609889984,25927872,0.0,0.0
2024-10-10 19:30:00+00:00,0.10442884266376495,0.10476412624120712,0.10427311807870865,0.10473287850618362,4465856,0.0,0.0
2024-10-10 21:00:00+00:00,0.10473502427339554,0.10606537014245987,0.10468164086341858,0.10579726099967957,17264576,0.0,0.0
2024-10-10 22:30:00+00:00,0.10586902499198914,0.10616828501224518,0.10579800605773926,0.10598165541887283,3122304,0.0,0.0
2024-10-11 00:00:00+00:00,0.10598137974739075,0.1062406599521637,0.10575795918703079,0.10591534525156021,1051456,0.0,0.0
2024-10-11 01:30:00+00:00,0.10589810460805893,0.10774470120668411,0.10570860654115677,0.10774470120668411,12644416,0.0,0.0
2024-10-11 03:00:00+00:00,0.10775011777877808,0.10801263153553009,0.10741346329450607,0.10741346329450607,11261696,0.0,0.0
2024-10-11 04:30:00+00:00,0.10736631602048874,0.10782305896282196,0.1072855070233345,0.10770346224308014,4789440,0.0,0.0
2024-10-11 06:00:00+00:00,0.10763359814882278,0.10815156251192093,0.10763264447450638,0.10780016332864761,4972352,0.0,0.0
2024-10-11 07:30:00+00:00,0.10781148821115494,0.1080189198255539,0.10768614709377289,0.10786882787942886,377408,0.0,0.0
2024-10-11 09:00:00+00:00,0.10786272585391998,0.10862737894058228,0.10785292088985443,0.10860537737607956,4345664,0.0,0.0
2024-10-11 10:30:00+00:00,0.10860652476549149,0.10864737629890442,0.10829446464776993,0.10852809250354767,2943552,0.0,0.0
2024-10-11 12:00:00+00:00,0.10850781947374344,0.10877378284931183,0.10820887982845306,0.10834075510501862,7309184,0.0,0.0
2024-10-11 13:30:00+00:00,0.10834065824747086,0.10908643156290054,0.10830064117908478,0.10898696631193161,8772224,0.0,0.0
2024-10-11 15:00:00+00:00,0.10898074507713318,0.11007541418075562,0.10895844548940659,0.10962885618209839,7243584,0.0,0.0
2024-10-11 16:30:00+00:00,0.10967365652322769,0.11124149709939957,0.10967365652322769,0.1109795793890953,19464384,0.0,0.0
2024-10-11 18:00:00+00:00,0.11109627783298492,0.1112598180770874,0.11060935258865356,0.11092249304056168,3813120,0.0,0.0
2024-10-11 19:30:00+00:00,0.11092182248830795,0.11105585843324661,0.1107928678393364,0.11097922176122665,10653376,0.0,0.0
2024-10-11 21:00:00+00:00,0.11097728461027145,0.11134214699268341,0.11083609610795975,0.11085658520460129,4679360,0.0,0.0
2024-10-11 22:30:00+00:00,0.11084869503974915,0.11113142967224121,0.110706627368927,0.11072500795125961,10665216,0.0,0.0
2024-10-12 00:00:00+00:00,0.11073210090398788,0.11143000423908234,0.11071127653121948,0.11100970953702927,9795392,0.0,0.0
2024-10-12 01:30:00+00:00,0.11100264638662338,0.11111427843570709,0.1100938469171524,0.1100938469171524,6387712,0.0,0.0
2024-10-12 03:00:00+00:00,0.11008578538894653,0.11019814014434814,0.10945789515972137,0.11019814014434814,4629440,0.0,0.0
2024-10-12 04:30:00+00:00,0.11020230501890182,0.1102895736694336,0.10994656383991241,0.110247902572155,1022720,0.0,0.0
2024-10-12 06:00:00+00:00,0.11025053262710571,0.11087293922901154,0.11025053262710571,0.11077047139406204,2556672,0.0,0.0
2024-10-12 07:30:00+00:00,0.11077450960874557,0.11130589246749878,0.11077450960874557,0.11120886355638504,12557760,0.0,0.0
2024-10-12 09:00:00+00:00,0.11120825260877609,0.11200767755508423,0.1109863668680191,0.11200767755508423,4444352,0.0,0.0
2024-10-12 10:30:00+00:00,0.11197815835475922,0.11205534636974335,0.1113751232624054,0.11142641305923462,12480768,0.0,0.0
2024-10-12 12:00:00+00:00,0.11142105609178543,0.11156202852725983,0.1108066514134407,0.11126673221588135,3411904,0.0,0.0
2024-10-12 13:30:00+00:00,0.1112523153424263,0.11187884956598282,0.11123034358024597,0.11169780045747757,1447040,0.0,0.0
2024-10-12 15:00:00+00:00,0.11169739067554474,0.11200927942991257,0.11119052767753601,0.11142005771398544,6555904,0.0,0.0
2024-10-12 16:30:00+00:00,0.11141189932823181,0.11180578917264938,0.11117351800203323,0.11148740351200104,916736,0.0,0.0
2024-10-12 18:00:00+00:00,0.1114899069070816,0.11176545172929764,0.11091259866952896,0.11100738495588303,712704,0.0,0.0
2024-10-12 19:30:00+00:00,0.11100960522890091,0.1115691214799881,0.11100960522890091,0.11153426766395569,206272,0.0,0.0
2024-10-12 21:00:00+00:00,0.11152878403663635,0.11180198937654495,0.11140555888414383,0.11147956550121307,52160,0.0,0.0
2024-10-12 22:30:00+00:00,0.11147384345531464,0.11184123903512955,0.11127568781375885,0.11141739040613174,801952,0.0,0.0
2024-10-13 00:00:00+00:00,0.11141452193260193,0.11199768632650375,0.1106778234243393,0.11080911755561829,3151968,0.0,0.0
2024-10-13 01:30:00+00:00,0.11080291122198105,0.11092042922973633,0.11060578376054764,0.11092042922973633,3288128,0.0,0.0
2024-10-13 03:00:00+00:00,0.11092959344387054,0.11150451004505157,0.11073113977909088,0.11150451004505157,4041632,0.0,0.0
2024-10-13 04:30:00+00:00,0.11156819760799408,0.1117573231458664,0.11134016513824463,0.11141671240329742,11544480,0.0,0.0
2024-10-13 06:00:00+00:00,0.11141138523817062,0.1116458848118782,0.1111244186758995,0.1111767590045929,4677312,0.0,0.0
2024-10-13 07:30:00+00:00,0.11116371303796768,0.11187940835952759,0.11113384366035461,0.11156069487333298,6231104,0.0,0.0
2024-10-13 09:00:00+00:00,0.11156727373600006,0.11196187138557434,0.11156727373600006,0.11165482550859451,8890624,0.0,0.0
2024-10-13 10:30:00+00:00,0.11165710538625717,0.11165710538625717,0.11062056571245193,0.11071749776601791,6701216,0.0,0.0
2024-10-13 12:00:00+00:00,0.11071371287107468,0.11172717064619064,0.11067603528499603,0.11165698617696762,7098464,0.0,0.0
2024-10-13 13:30:00+00:00,0.11166506260633469,0.11174320429563522,0.1098564863204956,0.1098564863204956,20117984,0.0,0.0
2024-10-13 15:00:00+00:00,0.10985904186964035,0.11019129306077957,0.10884454846382141,0.11018934845924377,19529120,0.0,0.0
2024-10-13 16:30:00+00:00,0.1101938858628273,0.11076372861862183,0.10985583811998367,0.1099247932434082,8309184,0.0,0.0
2024-10-13 18:00:00+00:00,0.10991998016834259,0.10991998016834259,0.10904484242200851,0.10981143265962601,8872128,0.0,0.0
2024-10-13 19:30:00+00:00,0.10980476438999176,0.11010619252920151,0.10978737473487854,0.10994622856378555,5141184,0.0,0.0
2024-10-13 21:00:00+00:00,0.10996176302433014,0.11152926832437515,0.10996176302433014,0.11104703694581985,31171488,0.0,0.0
2024-10-13 22:30:00+00:00,0.11103019118309021,0.11134769767522812,0.11086658388376236,0.11133578419685364,11274688,0.0,0.0
2024-10-14 00:00:00+00:00,0.11132997274398804,0.11135946214199066,0.10984895378351212,0.11040026694536209,22246592,0.0,0.0
2024-10-14 01:30:00+00:00,0.1104154884815216,0.11051249504089355,0.1094314381480217,0.10979820787906647,9579328,0.0,0.0
2024-10-14 03:00:00+00:00,0.10979844629764557,0.11332415044307709,0.10979844629764557,0.11272779852151871,66774656,0.0,0.0
2024-10-14 04:30:00+00:00,0.11271966248750687,0.11300274729728699,0.11142178624868393,0.11184725910425186,41257344,0.0,0.0
2024-10-14 06:00:00+00:00,0.11185234785079956,0.11214559525251389,0.11157596111297607,0.11200256645679474,23944768,0.0,0.0
2024-10-14 07:30:00+00:00,0.11200610548257828,0.11242281645536423,0.11179932206869125,0.11219513416290283,25395776,0.0,0.0
2024-10-14 09:00:00+00:00,0.11227937787771225,0.11333850026130676,0.11211958527565002,0.1132562980055809,13806848,0.0,0.0
2024-10-14 10:30:00+00:00,0.1132451593875885,0.11352425813674927,0.11284168809652328,0.11287277936935425,13339520,0.0,0.0
2024-10-14 12:00:00+00:00,0.11286130547523499,0.11315042525529861,0.11276480555534363,0.11283861100673676,9644160,0.0,0.0
2024-10-14 13:30:00+00:00,0.11283590644598007,0.11561725288629532,0.11259040981531143,0.11504963785409927,62128896,0.0,0.0
2024-10-14 15:00:00+00:00,0.1150217279791832,0.1163279190659523,0.1146877110004425,0.11469034105539322,56539904,0.0,0.0
2024-10-14 16:30:00+00:00,0.11468234658241272,0.11560800671577454,0.11428461223840714,0.11495332419872284,39696064,0.0,0.0
2024-10-14 18:00:00+00:00,0.11493780463933945,0.11543871462345123,0.11485738307237625,0.11528479307889938,26710016,0.0,0.0
2024-10-14 19:30:00+00:00,0.1152765154838562,0.11605928838253021,0.1152765154838562,0.11569570749998093,23033152,0.0,0.0
2024-10-14 21:00:00+00:00,0.1156965121626854,0.11656376719474792,0.11535175144672394,0.11656376719474792,11898496,0.0,0.0
2024-10-14 22:30:00+00:00,0.11657173931598663,0.11744367331266403,0.11639315634965897,0.11665841937065125,41486272,0.0,0.0
2024-10-15 00:00:00+00:00,0.11665663123130798,0.11876101791858673,0.11651686578989029,0.11757875233888626,51939136,0.0,0.0
2024-10-15 01:30:00+00:00,0.11756133288145065,0.11850631237030029,0.11738530546426773,0.11810334026813507,22051072,0.0,0.0
2024-10-15 03:00:00+00:00,0.11810629069805145,0.1181594729423523,0.11598671227693558,0.11682344228029251,157376,0.0,0.0
2024-10-15 04:30:00+00:00,0.11682823300361633,0.11712915450334549,0.11553774029016495,0.11571108549833298,2168128,0.0,0.0
2024-10-15 06:00:00+00:00,0.11571861803531647,0.11652936041355133,0.11545450240373611,0.11622796207666397,5493056,0.0,0.0
2024-10-15 07:30:00+00:00,0.11623658239841461,0.11650360375642776,0.11585443466901779,0.11615001410245895,2464128,0.0,0.0
2024-10-15 09:00:00+00:00,0.11614863574504852,0.11615683883428574,0.1153639480471611,0.11590718477964401,11286784,0.0,0.0
2024-10-15 10:30:00+00:00,0.1159304827451706,0.11602047085762024,0.11269454658031464,0.11269454658031464,39376576,0.0,0.0
2024-10-15 12:00:00+00:00,0.1127367839217186,0.11458081752061844,0.1127367839217186,0.11401622742414474,39196864,0.0,0.0
2024-10-15 13:30:00+00:00,0.11400914937257767,0.11792487651109695,0.11270572990179062,0.1131848692893982,108886784,0.0,0.0
2024-10-15 15:00:00+00:00,0.11314234137535095,0.1141715794801712,0.11055854707956314,0.11393462121486664,51660288,0.0,0.0
2024-10-15 16:30:00+00:00,0.11396149545907974,0.115693598985672,0.11396149545907974,0.11560104787349701,70976768,0.0,0.0
2024-10-15 18:00:00+00:00,0.11560367047786713,0.11709186434745789,0.11464875191450119,0.11464875191450119,38844416,0.0,0.0
2024-10-15 19:30:00+00:00,0.11464323848485947,0.1146765798330307,0.11295302957296371,0.11322392523288727,21233280,0.0,0.0
2024-10-15 21:00:00+00:00,0.1131986677646637,0.11467737704515457,0.11279318481683731,0.11467737704515457,23910272,0.0,0.0
2024-10-15 22:30:00+00:00,0.11470924317836761,0.1175997406244278,0.11470924317836761,0.11754754930734634,22721280,0.0,0.0
2024-10-16 00:00:00+00:00,0.11752341687679291,0.1175447478890419,0.11593922972679138,0.11684468388557434,11101312,0.0,0.0
2024-10-16 01:30:00+00:00,0.11686921864748001,0.11753931641578674,0.11616577953100204,0.11677451431751251,11607296,0.0,0.0
2024-10-16 03:00:00+00:00,0.11676187813282013,0.11704406142234802,0.1160212829709053,0.11669810861349106,8039040,0.0,0.0
2024-10-16 04:30:00+00:00,0.11669103056192398,0.11909829825162888,0.11638831347227097,0.11858361959457397,47704320,0.0,0.0
2024-10-16 06:00:00+00:00,0.11857695132493973,0.11905259639024734,0.11763152480125427,0.11826776713132858,62266240,0.0,0.0
2024-10-16 07:30:00+00:00,0.1182561069726944,0.12484968453645706,0.11822874844074249,0.12424007803201675,244055552,0.0,0.0
2024-10-16 09:00:00+00:00,0.1241341158747673,0.12813228368759155,0.12312481552362442,0.1264086812734604,280484224,0.0,0.0
2024-10-16 10:30:00+00:00,0.12632930278778076,0.12632930278778076,0.12498635053634644,0.12598896026611328,92039296,0.0,0.0
2024-10-16 12:00:00+00:00,0.12592442333698273,0.1268172711133957,0.1254037320613861,0.12651550769805908,92138496,0.0,0.0
2024-10-16 13:30:00+00:00,0.12651121616363525,0.12764006853103638,0.12545503675937653,0.12574422359466553,71756544,0.0,0.0
2024-10-16 15:00:00+00:00,0.1257411539554596,0.12699192762374878,0.12413805723190308,0.12644708156585693,25446528,0.0,0.0
2024-10-16 16:30:00+00:00,0.12645161151885986,0.12800319492816925,0.12493523955345154,0.12720787525177002,46407936,0.0,0.0
2024-10-16 18:00:00+00:00,0.12719210982322693,0.12727251648902893,0.12614652514457703,0.12669077515602112,8102144,0.0,0.0
2024-10-16 19:30:00+00:00,0.12668444216251373,0.12944363057613373,0.12661439180374146,0.12853696942329407,88615168,0.0,0.0
2024-10-16 21:00:00+00:00,0.12850402295589447,0.12850402295589447,0.12631548941135406,0.12631548941135406,32222976,0.0,0.0
2024-10-16 22:30:00+00:00,0.12632045149803162,0.12694485485553741,0.1254611313343048,0.12572063505649567,15840000,0.0,0.0
2024-10-17 00:00:00+00:00,0.12576302886009216,0.12647083401679993,0.12412740290164948,0.12412740290164948,24381440,0.0,0.0
2024-10-17 01:30:00+00:00,0.12411092221736908,0.12517735362052917,0.1239001676440239,0.12437199056148529,19980032,0.0,0.0
2024-10-17 03:00:00+00:00,0.12438079714775085,0.12542274594306946,0.12422624975442886,0.12445012480020523,5139456,0.0,0.0
2024-10-17 04:30:00+00:00,0.12444277107715607,0.12444277107715607,0.12262774258852005,0.1226322278380394,12597760,0.0,0.0
2024-10-17 06:00:00+00:00,0.12263774126768112,0.12343306839466095,0.12183471024036407,0.12186289578676224,11915264,0.0,0.0
2024-10-17 07:30:00+00:00,0.12185388803482056,0.12237640470266342,0.12150979042053223,0.12234408408403397,609536,0.0,0.0
2024-10-17 09:00:00+00:00,0.1223573163151741,0.12318543344736099,0.12223769724369049,0.12224503606557846,0,0.0,0.0
2024-10-17 10:30:00+00:00,0.1222354844212532,0.12296470999717712,0.12135548889636993,0.1217135488986969,100987264,0.0,0.0
2024-10-17 12:00:00+00:00,0.12171324342489243,0.12242750078439713,0.1215696632862091,0.12175196409225464,0,0.0,0.0
2024-10-17 13:30:00+00:00,0.1217598244547844,0.1223033145070076,0.12078707665205002,0.12168867886066437,0,0.0,0.0
2024-10-17 15:00:00+00:00,0.12168385833501816,0.12277711182832718,0.12095486372709274,0.12232843786478043,3047040,0.0,0.0
2024-10-17 16:30:00+00:00,0.12233952432870865,0.12360338121652603,0.12169376760721207,0.12301180511713028,12575744,0.0,0.0
2024-10-17 18:00:00+00:00,0.1229829490184784,0.12300970405340195,0.12103895097970963,0.1227542906999588,9873536,0.0,0.0
2024-10-17 19:30:00+00:00,0.1227450743317604,0.12840966880321503,0.12270467728376389,0.1283283531665802,59090432,0.0,0.0
2024-10-17 21:00:00+00:00,0.1283143311738968,0.13064932823181152,0.12768293917179108,0.12769369781017303,106623232,0.0,0.0
2024-10-17 22:30:00+00:00,0.12768438458442688,0.129671111702919,0.1275731772184372,0.129671111702919,42491904,0.0,0.0
2024-10-18 00:00:00+00:00,0.1296531856060028,0.13509014248847961,0.12964999675750732,0.13458596169948578,147337088,0.0,0.0
2024-10-18 01:30:00+00:00,0.134555384516716,0.13588763773441315,0.1342015117406845,0.1342015117406845,124014848,0.0,0.0
2024-10-18 03:00:00+00:00,0.1341419219970703,0.1341419219970703,0.13254082202911377,0.133170023560524,55641728,0.0,0.0
2024-10-18 04:30:00+00:00,0.1331889033317566,0.1332240253686905,0.13153377175331116,0.13305997848510742,80690176,0.0,0.0
2024-10-18 06:00:00+00:00,0.13309355080127716,0.1352965533733368,0.13304676115512848,0.13435006141662598,74787968,0.0,0.0
2024-10-18 07:30:00+00:00,0.13439896702766418,0.1352674961090088,0.1342274695634842,0.13469833135604858,30993920,0.0,0.0
2024-10-18 09:00:00+00:00,0.1347036063671112,0.1350582242012024,0.13403059542179108,0.13426430523395538,19674880,0.0,0.0
2024-10-18 10:30:00+00:00,0.13425055146217346,0.13595780730247498,0.133335679769516,0.13366103172302246,74311424,0.0,0.0
2024-10-18 12:00:00+00:00,0.13364629447460175,0.13428673148155212,0.13271990418434143,0.1332920491695404,28796416,0.0,0.0
2024-10-18 13:30:00+00:00,0.13327623903751373,0.13632850348949432,0.13324253261089325,0.13577115535736084,64889728,0.0,0.0
2024-10-18 15:00:00+00:00,0.13576938211917877,0.13844986259937286,0.13569018244743347,0.13844986259937286,102106368,0.0,0.0
2024-10-18 16:30:00+00:00,0.13844291865825653,0.1405060887336731,0.1379462331533432,0.1402336061000824,176230144,0.0,0.0
2024-10-18 18:00:00+00:00,0.1402195394039154,0.1402195394039154,0.13840186595916748,0.13870853185653687,28456704,0.0,0.0
2024-10-18 19:30:00+00:00,0.13868668675422668,0.13868668675422668,0.13628554344177246,0.13694824278354645,6630144,0.0,0.0
2024-10-18 21:00:00+00:00,0.13692909479141235,0.1384199857711792,0.13682706654071808,0.13823658227920532,0,0.0,0.0
2024-10-18 22:30:00+00:00,0.1382279396057129,0.138288676738739,0.13721735775470734,0.13721735775470734,0,0.0,0.0
2024-10-19 00:00:00+00:00,0.1372116506099701,0.1403299868106842,0.13719746470451355,0.1403299868106842,15137152,0.0,0.0
2024-10-19 01:30:00+00:00,0.1403243988752365,0.1464349329471588,0.1403243988752365,0.1456272304058075,157788288,0.0,0.0
2024-10-19 03:00:00+00:00,0.1456402689218521,0.14630195498466492,0.14302793145179749,0.14302793145179749,58260224,0.0,0.0
2024-10-19 04:30:00+00:00,0.14313136041164398,0.14432664215564728,0.14298705756664276,0.14432264864444733,8003328,0.0,0.0
2024-10-19 06:00:00+00:00,0.14430752396583557,0.1453302949666977,0.14401839673519135,0.14506378769874573,8180736,0.0,0.0
2024-10-19 07:30:00+00:00,0.14516325294971466,0.14516325294971466,0.1438221037387848,0.14472974836826324,6708864,0.0,0.0
2024-10-19 09:00:00+00:00,0.14472155272960663,0.1454780548810959,0.14462590217590332,0.14530427753925323,34228608,0.0,0.0
2024-10-19 10:30:00+00:00,0.14536164700984955,0.14638619124889374,0.14262577891349792,0.14262577891349792,52301696,0.0,0.0
2024-10-19 12:00:00+00:00,0.1425986886024475,0.1455536037683487,0.1424110233783722,0.14475886523723602,43984384,0.0,0.0
2024-10-19 13:30:00+00:00,0.14486463367938995,0.14624297618865967,0.1443440467119217,0.14618661999702454,7800960,0.0,0.0
2024-10-19 15:00:00+00:00,0.14621976017951965,0.14638151228427887,0.14306128025054932,0.14306128025054932,4502016,0.0,0.0
2024-10-19 16:30:00+00:00,0.14302824437618256,0.1435222029685974,0.13977409899234772,0.14006251096725464,14232960,0.0,0.0
2024-10-19 18:00:00+00:00,0.14007188379764557,0.14088720083236694,0.13955946266651154,0.14074689149856567,8458368,0.0,0.0
2024-10-19 19:30:00+00:00,0.14082807302474976,0.14091908931732178,0.13974866271018982,0.14079631865024567,0,0.0,0.0
2024-10-19 21:00:00+00:00,0.14079415798187256,0.14197060465812683,0.14079123735427856,0.14191076159477234,5722624,0.0,0.0
2024-10-19 22:30:00+00:00,0.14201970398426056,0.1464056819677353,0.14201335608959198,0.14461588859558105,81823616,0.0,0.0
2024-10-20 00:00:00+00:00,0.14450868964195251,0.14524580538272858,0.14212264120578766,0.14289507269859314,15320320,0.0,0.0
2024-10-20 01:30:00+00:00,0.1430000364780426,0.1430402249097824,0.1411459594964981,0.14186519384384155,0,0.0,0.0
2024-10-20 03:00:00+00:00,0.1418866515159607,0.1425938755273819,0.14087094366550446,0.1425938755273819,0,0.0,0.0
2024-10-20 04:30:00+00:00,0.1427416354417801,0.1427493542432785,0.1410295069217682,0.14103159308433533,4248064,0.0,0.0
2024-10-20 06:00:00+00:00,0.14102496206760406,0.14352408051490784,0.14098379015922546,0.14281117916107178,31389696,0.0,0.0
2024-10-20 07:30:00+00:00,0.14289692044258118,0.14357775449752808,0.14222824573516846,0.1422806978225708,5605888,0.0,0.0
2024-10-20 09:00:00+00:00,0.14227095246315002,0.14348569512367249,0.14227095246315002,0.142983540892601,4670720,0.0,0.0
2024-10-20 10:30:00+00:00,0.14298243820667267,0.14314569532871246,0.14250551164150238,0.1427481770515442,0,0.0,0.0
2024-10-20 12:00:00+00:00,0.14274469017982483,0.14277617633342743,0.13768059015274048,0.13798047602176666,87737984,0.0,0.0
2024-10-20 13:30:00+00:00,0.13789993524551392,0.14003393054008484,0.1378764510154724,0.13892175257205963,84915328,0.0,0.0
2024-10-20 15:00:00+00:00,0.13898099958896637,0.13917399942874908,0.1382514238357544,0.1387697011232376,8272896,0.0,0.0
2024-10-20 16:30:00+00:00,0.13875651359558105,0.14198094606399536,0.13861876726150513,0.14039136469364166,22272896,0.0,0.0
2024-10-20 18:00:00+00:00,0.14039133489131927,0.1413561999797821,0.1401561200618744,0.14036506414413452,9162752,0.0,0.0
2024-10-20 19:30:00+00:00,0.1403423398733139,0.14146952331066132,0.1401265263557434,0.14146952331066132,13427840,0.0,0.0
2024-10-20 21:00:00+00:00,0.1412990242242813,0.1420414000749588,0.1399625539779663,0.14138175547122955,26918144,0.0,0.0
2024-10-20 22:30:00+00:00,0.14144177734851837,0.1430586576461792,0.14144177734851837,0.14208193123340607,22695552,0.0,0.0
2024-10-21 00:00:00+00:00,0.14209724962711334,0.14644744992256165,0.14171753823757172,0.14644744992256165,87181952,0.0,0.0
2024-10-21 01:30:00+00:00,0.14623543620109558,0.14628824591636658,0.14417971670627594,0.14417971670627594,57075456,0.0,0.0
2024-10-21 03:00:00+00:00,0.1440947949886322,0.14569619297981262,0.14388807117938995,0.14431175589561462,30451840,0.0,0.0
2024-10-21 04:30:00+00:00,0.14431767165660858,0.14878667891025543,0.14431767165660858,0.1484459638595581,154045696,0.0,0.0
2024-10-21 06:00:00+00:00,0.14841359853744507,0.1494985818862915,0.14721639454364777,0.1473417580127716,110842752,0.0,0.0
2024-10-21 07:30:00+00:00,0.14733314514160156,0.14734433591365814,0.14459958672523499,0.14473725855350494,60925184,0.0,0.0
2024-10-21 09:00:00+00:00,0.14470194280147552,0.14608143270015717,0.14436079561710358,0.145952969789505,45122432,0.0,0.0
2024-10-21 10:30:00+00:00,0.14595846831798553,0.14609140157699585,0.14436408877372742,0.1443866342306137,59062912,0.0,0.0
2024-10-21 12:00:00+00:00,0.1443662941455841,0.1447390615940094,0.14240762591362,0.14291732013225555,9987968,0.0,0.0
2024-10-21 13:30:00+00:00,0.1429230272769928,0.1431386023759842,0.14101777970790863,0.14151139557361603,59136128,0.0,0.0
2024-10-21 15:00:00+00:00,0.1415041983127594,0.14155609905719757,0.13854160904884338,0.13854160904884338,71770112,0.0,0.0
2024-10-21 16:30:00+00:00,0.13855263590812683,0.14276304841041565,0.13855263590812683,0.14275889098644257,51701376,0.0,0.0
2024-10-21 18:00:00+00:00,0.1427413523197174,0.14279571175575256,0.14157336950302124,0.1425078809261322,35645056,0.0,0.0
2024-10-21 19:30:00+00:00,0.14252102375030518,0.14486859738826752,0.14234650135040283,0.14437663555145264,48448768,0.0,0.0
2024-10-21 21:00:00+00:00,0.14437484741210938,0.14478270709514618,0.14375171065330505,0.14432868361473083,6697088,0.0,0.0
2024-10-21 22:30:00+00:00,0.1443282961845398,0.14460024237632751,0.1433832198381424,0.14370346069335938,490624,0.0,0.0
2024-10-22 00:00:00+00:00,0.1436934918165207,0.1454130858182907,0.1409653276205063,0.1454130858182907,13007616,0.0,0.0
2024-10-22 01:30:00+00:00,0.14543317258358002,0.14786063134670258,0.14450737833976746,0.14452309906482697,59111296,0.0,0.0
2024-10-22 03:00:00+00:00,0.14454783499240875,0.1454654037952423,0.14392144978046417,0.14451752603054047,8456704,0.0,0.0
2024-10-22 04:30:00+00:00,0.14452114701271057,0.14587487280368805,0.14427216351032257,0.14585348963737488,766592,0.0,0.0
2024-10-22 06:00:00+00:00,0.1458507925271988,0.1462564319372177,0.1453815996646881,0.14564138650894165,2031744,0.0,0.0
2024-10-22 07:30:00+00:00,0.14563031494617462,0.14563031494617462,0.14282360672950745,0.14302872121334076,8228480,0.0,0.0
2024-10-22 09:00:00+00:00,0.14300991594791412,0.1432611346244812,0.14177976548671722,0.14298060536384583,15051648,0.0,0.0
2024-10-22 10:30:00+00:00,0.14306725561618805,0.1435755491256714,0.14248305559158325,0.14248305559158325,3600128,0.0,0.0
2024-10-22 12:00:00+00:00,0.1424168199300766,0.1424168199300766,0.1402549147605896,0.14049509167671204,23942784,0.0,0.0
2024-10-22 13:30:00+00:00,0.14049267768859863,0.14098471403121948,0.13868814706802368,0.14062745869159698,47066752,0.0,0.0
2024-10-22 15:00:00+00:00,0.14063312113285065,0.14100706577301025,0.13773320615291595,0.1377423256635666,13445632,0.0,0.0
2024-10-22 16:30:00+00:00,0.13777385652065277,0.13878536224365234,0.13684825599193573,0.13878536224365234,20142464,0.0,0.0
2024-10-22 18:00:00+00:00,0.13878624141216278,0.14046408236026764,0.13878624141216278,0.14016792178153992,15512064,0.0,0.0
2024-10-22 19:30:00+00:00,0.14016656577587128,0.14020060002803802,0.1394772231578827,0.1401120126247406,6192256,0.0,0.0
2024-10-22 21:00:00+00:00,0.1401209831237793,0.14045964181423187,0.13969434797763824,0.14017288386821747,4381440,0.0,0.0
2024-10-22 22:30:00+00:00,0.14019042253494263,0.14109498262405396,0.13947957754135132,0.13948753476142883,13588736,0.0,0.0
2024-10-23 00:00:00+00:00,0.13951297104358673,0.1396462768316269,0.13765883445739746,0.13922026753425598,143104,0.0,0.0
2024-10-23 01:30:00+00:00,0.13918565213680267,0.13940337300300598,0.13805559277534485,0.13805559277534485,0,0.0,0.0
2024-10-23 03:00:00+00:00,0.13796862959861755,0.1382959485054016,0.1369742900133133,0.1379159539937973,10392320,0.0,0.0
2024-10-23 04:30:00+00:00,0.13791722059249878,0.1385675072669983,0.13785970211029053,0.13837237656116486,3897344,0.0,0.0
2024-10-23 06:00:00+00:00,0.13838762044906616,0.1406034380197525,0.13832539319992065,0.1402970850467682,37145984,0.0,0.0
2024-10-23 07:30:00+00:00,0.140287846326828,0.140287846326828,0.13834232091903687,0.13834232091903687,5916928,0.0,0.0
2024-10-23 09:00:00+00:00,0.13839448988437653,0.13844114542007446,0.1362115740776062,0.13742148876190186,25141120,0.0,0.0
2024-10-23 10:30:00+00:00,0.1374198943376541,0.13764837384223938,0.1366073489189148,0.13670334219932556,10182272,0.0,0.0
2024-10-23 12:00:00+00:00,0.13671739399433136,0.1387743502855301,0.13657142221927643,0.1387743502855301,5756032,0.0,0.0
2024-10-23 13:30:00+00:00,0.13877242803573608,0.14039169251918793,0.13864856958389282,0.1395130455493927,7202432,0.0,0.0
2024-10-23 15:00:00+00:00,0.1395874172449112,0.1397654265165329,0.136790931224823,0.1372121274471283,31009792,0.0,0.0
2024-10-23 16:30:00+00:00,0.13720932602882385,0.1376098394393921,0.13539278507232666,0.13539278507232666,27858560,0.0,0.0
2024-10-23 18:00:00+00:00,0.1354205459356308,0.1363862305879593,0.1333969086408615,0.1363862305879593,67234688,0.0,0.0
2024-10-23 19:30:00+00:00,0.13653509318828583,0.13956297934055328,0.13653509318828583,0.13954704999923706,51186688,0.0,0.0
2024-10-23 21:00:00+00:00,0.13953693211078644,0.139563649892807,0.13788338005542755,0.13800711929798126,7390592,0.0,0.0
2024-10-23 22:30:00+00:00,0.13781395554542542,0.13990633189678192,0.1376960128545761,0.13990633189678192,21948928,0.0,0.0
2024-10-24 00:00:00+00:00,0.13988903164863586,0.1427718997001648,0.13919784128665924,0.14204120635986328,74260736,0.0,0.0
2024-10-24 01:30:00+00:00,0.14203445613384247,0.14203445613384247,0.1402549147605896,0.14049512147903442,32728832,0.0,0.0
2024-10-24 03:00:00+00:00,0.14049656689167023,0.14049656689167023,0.13933372497558594,0.1399957835674286,7597952,0.0,0.0
2024-10-24 04:30:00+00:00,0.13999782502651215,0.14067311584949493,0.13935668766498566,0.13935668766498566,17271552,0.0,0.0
2024-10-24 06:00:00+00:00,0.13935261964797974,0.13979502022266388,0.1384349763393402,0.1384349763393402,332032,0.0,0.0
2024-10-24 07:30:00+00:00,0.13843636214733124,0.13877569139003754,0.13698099553585052,0.13698099553585052,2506112,0.0,0.0
2024-10-24 09:00:00+00:00,0.13695679605007172,0.13804388046264648,0.13653765618801117,0.13798066973686218,4873216,0.0,0.0
2024-10-24 10:30:00+00:00,0.1381734162569046,0.13891588151454926,0.13731977343559265,0.13889345526695251,10724736,0.0,0.0
2024-10-24 12:00:00+00:00,0.1389036774635315,0.14012333750724792,0.13882531225681305,0.14012333750724792,23883264,0.0,0.0
2024-10-24 13:30:00+00:00,0.14020191133022308,0.14276251196861267,0.13970738649368286,0.14103065431118011,68789760,0.0,0.0
2024-10-24 15:00:00+00:00,0.1411391794681549,0.14170148968696594,0.13997142016887665,0.14043521881103516,4898048,0.0,0.0
2024-10-24 16:30:00+00:00,0.14044998586177826,0.1407855749130249,0.13951553404331207,0.14035215973854065,183424,0.0,0.0
2024-10-24 18:00:00+00:00,0.14033839106559753,0.1408393681049347,0.13984452188014984,0.14083892107009888,966912,0.0,0.0
2024-10-24 19:30:00+00:00,0.14105495810508728,0.1425800770521164,0.14105495810508728,0.14164233207702637,5894528,0.0,0.0
2024-10-24 21:00:00+00:00,0.14164362847805023,0.14341938495635986,0.14150893688201904,0.14154142141342163,34832000,0.0,0.0
2024-10-24 22:30:00+00:00,0.14162017405033112,0.14281724393367767,0.14162017405033112,0.14199528098106384,6802560,0.0,0.0
2024-10-25 00:00:00+00:00,0.14195479452610016,0.1423993855714798,0.1397995501756668,0.1399277001619339,4659968,0.0,0.0
2024-10-25 01:30:00+00:00,0.13996383547782898,0.13996383547782898,0.13903234899044037,0.13976728916168213,1556608,0.0,0.0
2024-10-25 03:00:00+00:00,0.13976240158081055,0.14063258469104767,0.13863959908485413,0.13863959908485413,1936512,0.0,0.0
2024-10-25 04:30:00+00:00,0.13851982355117798,0.14054928719997406,0.13850364089012146,0.14017564058303833,12148736,0.0,0.0
2024-10-25 06:00:00+00:00,0.14016778767108917,0.14016778767108917,0.1384638100862503,0.1384638100862503,1700608,0.0,0.0
2024-10-25 07:30:00+00:00,0.13846559822559357,0.13846559822559357,0.13692767918109894,0.13791929185390472,72278528,0.0,0.0
2024-10-25 09:00:00+00:00,0.13791218400001526,0.13915467262268066,0.1376936286687851,0.13815852999687195,11633408,0.0,0.0
2024-10-25 10:30:00+00:00,0.13825826346874237,0.139353945851326,0.13801854848861694,0.13914905488491058,15147904,0.0,0.0
2024-10-25 12:00:00+00:00,0.13913768529891968,0.13947510719299316,0.13797150552272797,0.13797223567962646,3767808,0.0,0.0
2024-10-25 13:30:00+00:00,0.13795042037963867,0.13955800235271454,0.13740573823451996,0.1379980742931366,1744896,0.0,0.0
2024-10-25 15:00:00+00:00,0.13797305524349213,0.13839250802993774,0.13592055439949036,0.13657455146312714,23251328,0.0,0.0
2024-10-25 16:30:00+00:00,0.13652367889881134,0.1368497759103775,0.13459424674510956,0.13459424674510956,37137920,0.0,0.0
2024-10-25 18:00:00+00:00,0.134578675031662,0.13539311289787292,0.13319292664527893,0.13402794301509857,94830592,0.0,0.0
2024-10-25 19:30:00+00:00,0.13401742279529572,0.13546566665172577,0.13399024307727814,0.13494472205638885,9099264,0.0,0.0
2024-10-25 21:00:00+00:00,0.1349024921655655,0.13632377982139587,0.1349024921655655,0.136032372713089,2472448,0.0,0.0
2024-10-25 22:30:00+00:00,0.13604338467121124,0.13618449866771698,0.12869010865688324,0.13100968301296234,182556928,0.0,0.0
2024-10-26 00:00:00+00:00,0.13099384307861328,0.13338395953178406,0.13094709813594818,0.13242286443710327,46450304,0.0,0.0
2024-10-26 01:30:00+00:00,0.13242705166339874,0.13333112001419067,0.13127663731575012,0.13300970196723938,31396352,0.0,0.0
2024-10-26 03:00:00+00:00,0.13300448656082153,0.13387690484523773,0.13284581899642944,0.1333463191986084,17680768,0.0,0.0
2024-10-26 04:30:00+00:00,0.1333322674036026,0.13409511744976044,0.13314229249954224,0.1337326467037201,5417088,0.0,0.0
2024-10-26 06:00:00+00:00,0.13374587893486023,0.1348123401403427,0.13369980454444885,0.13456593453884125,5768704,0.0,0.0
2024-10-26 07:30:00+00:00,0.13451723754405975,0.13469834625720978,0.13426940143108368,0.13469834625720978,0,0.0,0.0
2024-10-26 09:00:00+00:00,0.13470076024532318,0.1351778656244278,0.134502112865448,0.13516370952129364,1631744,0.0,0.0
2024-10-26 10:30:00+00:00,0.135171040892601,0.1351788192987442,0.13452334702014923,0.13499055802822113,1901952,0.0,0.0
2024-10-26 12:00:00+00:00,0.13498719036579132,0.13513502478599548,0.13377496600151062,0.13419976830482483,5668096,0.0,0.0
2024-10-26 13:30:00+00:00,0.13410919904708862,0.13431422412395477,0.13287308812141418,0.13287308812141418,3036416,0.0,0.0
2024-10-26 15:00:00+00:00,0.13275548815727234,0.13389405608177185,0.13245834410190582,0.133742555975914,4008320,0.0,0.0
2024-10-26 16:30:00+00:00,0.13396704196929932,0.1378147304058075,0.13396704196929932,0.1370067298412323,27348864,0.0,0.0
2024-10-26 18:00:00+00:00,0.1370352953672409,0.13749083876609802,0.13573475182056427,0.13592398166656494,0,0.0,0.0
2024-10-26 19:30:00+00:00,0.1359248161315918,0.13710936903953552,0.13581301271915436,0.1362147033214569,1991936,0.0,0.0
2024-10-26 21:00:00+00:00,0.13621829450130463,0.1374579519033432,0.13621829450130463,0.1372312307357788,3339776,0.0,0.0
2024-10-26 22:30:00+00:00,0.13722959160804749,0.13759590685367584,0.13710854947566986,0.13735128939151764,1256320,0.0,0.0
2024-10-27 00:00:00+00:00,0.13735626637935638,0.13735626637935638,0.13605789840221405,0.13623946905136108,0,0.0,0.0
2024-10-27 01:30:00+00:00,0.13633903861045837,0.13836665451526642,0.13633903861045837,0.13815182447433472,7612672,0.0,0.0
2024-10-27 03:00:00+00:00,0.13808409869670868,0.13833002746105194,0.1377962976694107,0.13833002746105194,1159616,0.0,0.0
2024-10-27 04:30:00+00:00,0.13838104903697968,0.13838104903697968,0.13779260218143463,0.13779260218143463,4495360,0.0,0.0
2024-10-27 06:00:00+00:00,0.1377943903207779,0.13832031190395355,0.13764482736587524,0.1380578875541687,328192,0.0,0.0
2024-10-27 07:30:00+00:00,0.13805781304836273,0.13825730979442596,0.1378326416015625,0.13825730979442596,7345024,0.0,0.0
2024-10-27 09:00:00+00:00,0.13826191425323486,0.13826191425323486,0.13706433773040771,0.1372303068637848,10839104,0.0,0.0
2024-10-27 10:30:00+00:00,0.1372276395559311,0.13777750730514526,0.136618971824646,0.13732296228408813,15189440,0.0,0.0
2024-10-27 12:00:00+00:00,0.13730883598327637,0.14008262753486633,0.13730794191360474,0.13995909690856934,34358912,0.0,0.0
2024-10-27 13:30:00+00:00,0.13977134227752686,0.13977134227752686,0.13872846961021423,0.13947917520999908,9870656,0.0,0.0
2024-10-27 15:00:00+00:00,0.1394868642091751,0.1434199959039688,0.1394868642091751,0.14239689707756042,90583936,0.0,0.0
2024-10-27 16:30:00+00:00,0.14231592416763306,0.14374947547912598,0.14216348528862,0.1422392725944519,69093440,0.0,0.0
2024-10-27 18:00:00+00:00,0.1420857310295105,0.14208923280239105,0.1404237002134323,0.14069843292236328,9785024,0.0,0.0
2024-10-27 19:30:00+00:00,0.14105559885501862,0.1416299194097519,0.14068399369716644,0.14068832993507385,15758528,0.0,0.0
2024-10-27 21:00:00+00:00,0.1406533271074295,0.14194653928279877,0.1405799835920334,0.14156627655029297,24168832,0.0,0.0
2024-10-27 22:30:00+00:00,0.14170201122760773,0.14582060277462006,0.14170201122760773,0.14432290196418762,126087040,0.0,0.0
2024-10-28 00:00:00+00:00,0.1442209631204605,0.1442209631204605,0.1411914974451065,0.1411914974451065,74596480,0.0,0.0
2024-10-28 01:30:00+00:00,0.14121603965759277,0.1457698792219162,0.14121603965759277,0.1456712931394577,73311872,0.0,0.0
2024-10-28 03:00:00+00:00,0.14544376730918884,0.14589418470859528,0.14292384684085846,0.14386869966983795,137677824,0.0,0.0
2024-10-28 04:30:00+00:00,0.14386585354804993,0.14457014203071594,0.1427909880876541,0.14328603446483612,59661696,0.0,0.0
2024-10-28 06:00:00+00:00,0.14328619837760925,0.14425788819789886,0.1420532912015915,0.1441013067960739,57441280,0.0,0.0
2024-10-28 07:30:00+00:00,0.14407074451446533,0.14407074451446533,0.14280791580677032,0.14295658469200134,48241408,0.0,0.0
2024-10-28 09:00:00+00:00,0.14296935498714447,0.14526227116584778,0.14217112958431244,0.14526227116584778,48135552,0.0,0.0
2024-10-28 10:30:00+00:00,0.14527811110019684,0.14656127989292145,0.14501142501831055,0.1456354707479477,84552704,0.0,0.0
2024-10-28 12:00:00+00:00,0.14559020102024078,0.14851146936416626,0.14523983001708984,0.1478448212146759,115785088,0.0,0.0
2024-10-28 13:30:00+00:00,0.14788474142551422,0.15056723356246948,0.14649806916713715,0.15056723356246948,245694464,0.0,0.0
2024-10-28 15:00:00+00:00,0.15051119029521942,0.1505221575498581,0.1475018709897995,0.14972113072872162,101691136,0.0,0.0
2024-10-28 16:30:00+00:00,0.14971934258937836,0.15118347108364105,0.1492612361907959,0.15051637589931488,73555200,0.0,0.0
2024-10-28 18:00:00+00:00,0.15047748386859894,0.15742890536785126,0.15047748386859894,0.15621928870677948,318839552,0.0,0.0
2024-10-28 19:30:00+00:00,0.15625858306884766,0.16064757108688354,0.15592817962169647,0.15706707537174225,304557312,0.0,0.0
2024-10-28 21:00:00+00:00,0.15760837495326996,0.16151395440101624,0.15760837495326996,0.16002947092056274,198321920,0.0,0.0
2024-10-28 22:30:00+00:00,0.15982143580913544,0.16196925938129425,0.15759027004241943,0.16115111112594604,96132864,0.0,0.0
2024-10-29 00:00:00+00:00,0.1611982136964798,0.16830457746982574,0.16082864999771118,0.16614001989364624,303776000,0.0,0.0
2024-10-29 01:30:00+00:00,0.16646844148635864,0.16836880147457123,0.16620275378227234,0.16620275378227234,188952832,0.0,0.0
2024-10-29 03:00:00+00:00,0.16567981243133545,0.16756539046764374,0.16512461006641388,0.1652085781097412,74249216,0.0,0.0
2024-10-29 04:30:00+00:00,0.1658184826374054,0.166047602891922,0.1635066568851471,0.16446006298065186,95986432,0.0,0.0
2024-10-29 06:00:00+00:00,0.1646658033132553,0.1656285971403122,0.16372498869895935,0.16489027440547943,43957248,0.0,0.0
2024-10-29 07:30:00+00:00,0.1648941934108734,0.16533976793289185,0.1639009714126587,0.1651839017868042,25334272,0.0,0.0
2024-10-29 09:00:00+00:00,0.16518545150756836,0.16518545150756836,0.16376912593841553,0.1641177088022232,31258880,0.0,0.0
2024-10-29 10:30:00+00:00,0.1644466519355774,0.16687831282615662,0.1644466519355774,0.16662849485874176,33936128,0.0,0.0
2024-10-29 12:00:00+00:00,0.1666277050971985,0.1670464724302292,0.16487395763397217,0.1670464724302292,1470976,0.0,0.0
2024-10-29 13:30:00+00:00,0.16703759133815765,0.16906355321407318,0.16679638624191284,0.16819171607494354,78358272,0.0,0.0
2024-10-29 15:00:00+00:00,0.16812758147716522,0.1779536008834839,0.1680421084165573,0.17742575705051422,343096576,0.0,0.0
2024-10-29 16:30:00+00:00,0.1774362027645111,0.17917200922966003,0.1755169779062271,0.1769879013299942,163505152,0.0,0.0
2024-10-29 18:00:00+00:00,0.17692475020885468,0.17692475020885468,0.1728486269712448,0.1728486269712448,58422272,0.0,0.0
2024-10-29 19:30:00+00:00,0.17287525534629822,0.17287525534629822,0.1687450110912323,0.17192384600639343,59929856,0.0,0.0
2024-10-29 21:00:00+00:00,0.17208927869796753,0.17489022016525269,0.1717105656862259,0.1742788702249527,31336704,0.0,0.0
2024-10-29 22:30:00+00:00,0.17429862916469574,0.1764274686574936,0.17429862916469574,0.1758223921060562,2959616,0.0,0.0
2024-10-30 00:00:00+00:00,0.17580309510231018,0.17663399875164032,0.17294132709503174,0.17316307127475739,1897216,0.0,0.0
2024-10-30 01:30:00+00:00,0.17317308485507965,0.17746853828430176,0.17317308485507965,0.1744471937417984,34554624,0.0,0.0
2024-10-30 03:00:00+00:00,0.1744135469198227,0.17526905238628387,0.17319455742835999,0.1751328706741333,13056000,0.0,0.0
2024-10-30 04:30:00+00:00,0.1753818690776825,0.1768680214881897,0.17525538802146912,0.17674240469932556,14578176,0.0,0.0
2024-10-30 06:00:00+00:00,0.1767478585243225,0.17753401398658752,0.1733650416135788,0.1733650416135788,29281792,0.0,0.0
2024-10-30 07:30:00+00:00,0.1733664721250534,0.17379702627658844,0.17083102464675903,0.17083102464675903,53979392,0.0,0.0
2024-10-30 09:00:00+00:00,0.17088060081005096,0.17151334881782532,0.16988028585910797,0.17065608501434326,41063168,0.0,0.0
2024-10-30 10:30:00+00:00,0.17070372402668,0.17088088393211365,0.1675063967704773,0.16811665892601013,36729856,0.0,0.0
2024-10-30 12:00:00+00:00,0.1680963635444641,0.17071563005447388,0.1679859757423401,0.16951090097427368,48550656,0.0,0.0
2024-10-30 13:30:00+00:00,0.16944481432437897,0.17107416689395905,0.1686701774597168,0.16869480907917023,24462592,0.0,0.0
2024-10-30 15:00:00+00:00,0.16873177886009216,0.16899389028549194,0.1652909219264984,0.1663041114807129,27767552,0.0,0.0
2024-10-30 16:30:00+00:00,0.16629528999328613,0.16752180457115173,0.16629528999328613,0.16670745611190796,0,0.0,0.0
2024-10-30 18:00:00+00:00,0.16683006286621094,0.16846606135368347,0.16683006286621094,0.16819287836551666,0,0.0,0.0
2024-10-30 19:30:00+00:00,0.16819649934768677,0.1696806401014328,0.16694524884223938,0.1696806401014328,2345472,0.0,0.0
2024-10-30 21:00:00+00:00,0.1696755290031433,0.17054031789302826,0.16867272555828094,0.17041726410388947,11334400,0.0,0.0
2024-10-30 22:30:00+00:00,0.17042215168476105,0.17053058743476868,0.16814088821411133,0.16814088821411133,0,0.0,0.0
2024-10-31 00:00:00+00:00,0.16814570128917694,0.17059412598609924,0.1678796410560608,0.17014217376708984,5146880,0.0,0.0
2024-10-31 01:30:00+00:00,0.17014196515083313,0.1721041053533554,0.1691497266292572,0.1706593930721283,0,0.0,0.0
2024-10-31 03:00:00+00:00,0.17077139019966125,0.17154327034950256,0.17000064253807068,0.17072783410549164,7171200,0.0,0.0
2024-10-31 04:30:00+00:00,0.17077389359474182,0.17270736396312714,0.1707487851381302,0.17215585708618164,7028096,0.0,0.0
2024-10-31 06:00:00+00:00,0.17214924097061157,0.17257975041866302,0.17080184817314148,0.17255799472332,6577664,0.0,0.0
2024-10-31 07:30:00+00:00,0.17253060638904572,0.17253060638904572,0.1691209226846695,0.16968105733394623,20941696,0.0,0.0
2024-10-31 09:00:00+00:00,0.16967935860157013,0.17205378413200378,0.16967935860157013,0.1711944341659546,5592960,0.0,0.0
2024-10-31 10:30:00+00:00,0.17120082676410675,0.17297454178333282,0.17104186117649078,0.17124678194522858,24216448,0.0,0.0
2024-10-31 12:00:00+00:00,0.17124943435192108,0.1716638058423996,0.16965916752815247,0.16965916752815247,19115904,0.0,0.0
2024-10-31 13:30:00+00:00,0.1695692539215088,0.1695692539215088,0.16515794396400452,0.16645240783691406,97158144,0.0,0.0
2024-10-31 15:00:00+00:00,0.16644711792469025,0.1680251508951187,0.1648545265197754,0.16548551619052887,8651648,0.0,0.0
2024-10-31 16:30:00+00:00,0.16569159924983978,0.16624300181865692,0.16477350890636444,0.16602276265621185,29282048,0.0,0.0
2024-10-31 18:00:00+00:00,0.1660667508840561,0.1660667508840561,0.16198107600212097,0.16374900937080383,84898176,0.0,0.0
2024-10-31 19:30:00+00:00,0.16219699382781982,0.16219699382781982,0.1571834236383438,0.1571834236383438,95819776,0.0,0.0
2024-10-31 21:00:00+00:00,0.15726327896118164,0.16158348321914673,0.15677012503147125,0.16084372997283936,58053376,0.0,0.0
2024-10-31 22:30:00+00:00,0.16085296869277954,0.16238053143024445,0.1608268916606903,0.16137206554412842,24243712,0.0,0.0
2024-11-01 00:00:00+00:00,0.1616457998752594,0.1634928584098816,0.1615624725818634,0.16181710362434387,12323584,0.0,0.0
2024-11-01 01:30:00+00:00,0.16190242767333984,0.16190242767333984,0.15782707929611206,0.16078145802021027,107597568,0.0,0.0
2024-11-01 03:00:00+00:00,0.16079771518707275,0.16087299585342407,0.15763060748577118,0.15899714827537537,16099584,0.0,0.0
2024-11-01 04:30:00+00:00,0.15893419086933136,0.16015031933784485,0.15892140567302704,0.1599588245153427,14534400,0.0,0.0
2024-11-01 06:00:00+00:00,0.15991182625293732,0.15991182625293732,0.15459845960140228,0.15598705410957336,87654912,0.0,0.0
2024-11-01 07:30:00+00:00,0.15599870681762695,0.15842296183109283,0.15506798028945923,0.15814155340194702,39839232,0.0,0.0
2024-11-01 09:00:00+00:00,0.1581207513809204,0.15988148748874664,0.15802663564682007,0.15987056493759155,22722048,0.0,0.0
2024-11-01 10:30:00+00:00,0.15999607741832733,0.16210775077342987,0.15999607741832733,0.16086086630821228,55433728,0.0,0.0
2024-11-01 12:00:00+00:00,0.16087283194065094,0.1629355400800705,0.16084745526313782,0.16225841641426086,44676864,0.0,0.0
2024-11-01 13:30:00+00:00,0.16223911941051483,0.1681208461523056,0.16219434142112732,0.16598723828792572,100288768,0.0,0.0
2024-11-01 15:00:00+00:00,0.16606450080871582,0.16665393114089966,0.15894071757793427,0.16155610978603363,135795712,0.0,0.0
2024-11-01 16:30:00+00:00,0.16149172186851501,0.16223907470703125,0.16048407554626465,0.16131533682346344,30679808,0.0,0.0
2024-11-01 18:00:00+00:00,0.16118909418582916,0.16118909418582916,0.15975476801395416,0.161163330078125,10602752,0.0,0.0
2024-11-01 19:30:00+00:00,0.16059325635433197,0.16147537529468536,0.1599535197019577,0.16009621322155,18441984,0.0,0.0
2024-11-01 21:00:00+00:00,0.16017986834049225,0.16017986834049225,0.1569308042526245,0.1578163057565689,16078592,0.0,0.0
2024-11-01 22:30:00+00:00,0.15760153532028198,0.1592995822429657,0.15718162059783936,0.15918473899364471,5993216,0.0,0.0
2024-11-02 00:00:00+00:00,0.15916575491428375,0.16178877651691437,0.15916575491428375,0.16091884672641754,57428736,0.0,0.0
2024-11-02 01:30:00+00:00,0.1609276384115219,0.16325749456882477,0.160718634724617,0.162293940782547,4905472,0.0,0.0
2024-11-02 03:00:00+00:00,0.16225938498973846,0.16274996101856232,0.16107873618602753,0.16112294793128967,2855936,0.0,0.0
2024-11-02 04:30:00+00:00,0.1610870659351349,0.16219621896743774,0.1598513275384903,0.16197586059570312,14680576,0.0,0.0
2024-11-02 06:00:00+00:00,0.16199332475662231,0.1623726189136505,0.16165190935134888,0.1621416062116623,821248,0.0,0.0
2024-11-02 07:30:00+00:00,0.16225817799568176,0.1625262349843979,0.16044040024280548,0.16054531931877136,572800,0.0,0.0
2024-11-02 09:00:00+00:00,0.16054633259773254,0.16054633259773254,0.158878356218338,0.1590694636106491,6063360,0.0,0.0
2024-11-02 10:30:00+00:00,0.15907660126686096,0.16033412516117096,0.15907660126686096,0.1593429148197174,0,0.0,0.0
2024-11-02 12:00:00+00:00,0.15937694907188416,0.16014093160629272,0.1565036177635193,0.1579989343881607,14011648,0.0,0.0
2024-11-02 13:30:00+00:00,0.15800420939922333,0.15810969471931458,0.15643815696239471,0.15728822350502014,8038528,0.0,0.0
2024-11-02 15:00:00+00:00,0.15730182826519012,0.1577666997909546,0.15607737004756927,0.1577666997909546,1080832,0.0,0.0
2024-11-02 16:30:00+00:00,0.1577773243188858,0.15879647433757782,0.15734755992889404,0.15783850848674774,1015040,0.0,0.0
2024-11-02 18:00:00+00:00,0.15781435370445251,0.15927475690841675,0.15704838931560516,0.15902671217918396,7266176,0.0,0.0
2024-11-02 19:30:00+00:00,0.1590270847082138,0.16001752018928528,0.1589796394109726,0.15976014733314514,8001408,0.0,0.0
2024-11-02 21:00:00+00:00,0.15975436568260193,0.15975436568260193,0.15863534808158875,0.15923728048801422,2794240,0.0,0.0
2024-11-02 22:30:00+00:00,0.1592366248369217,0.1592988520860672,0.15778294205665588,0.15929138660430908,4164736,0.0,0.0
2024-11-03 00:00:00+00:00,0.15932832658290863,0.15959732234477997,0.15734384953975677,0.15776339173316956,10871552,0.0,0.0
2024-11-03 01:30:00+00:00,0.15772196650505066,0.15772196650505066,0.1488725244998932,0.14894576370716095,170347520,0.0,0.0
2024-11-03 03:00:00+00:00,0.14934563636779785,0.15175966918468475,0.14934563636779785,0.15146073698997498,97691776,0.0,0.0
2024-11-03 04:30:00+00:00,0.15155364573001862,0.1526145339012146,0.15068723261356354,0.15068723261356354,23256064,0.0,0.0
2024-11-03 06:00:00+00:00,0.1506575345993042,0.1523107886314392,0.15026775002479553,0.15174345672130585,25023616,0.0,0.0
2024-11-03 07:30:00+00:00,0.15171417593955994,0.15229545533657074,0.151484414935112,0.15213017165660858,17715456,0.0,0.0
2024-11-03 09:00:00+00:00,0.15210796892642975,0.15231198072433472,0.1501116156578064,0.1512994021177292,26374016,0.0,0.0
2024-11-03 10:30:00+00:00,0.15122584998607635,0.15122584998607635,0.14825521409511566,0.14827260375022888,54345088,0.0,0.0
2024-11-03 12:00:00+00:00,0.14821209013462067,0.1500019133090973,0.14820237457752228,0.148747518658638,25154048,0.0,0.0
2024-11-03 13:30:00+00:00,0.14870870113372803,0.14870870113372803,0.14513398706912994,0.14554950594902039,99928192,0.0,0.0
2024-11-03 15:00:00+00:00,0.1457887589931488,0.14789581298828125,0.14282934367656708,0.14749258756637573,194765568,0.0,0.0
2024-11-03 16:30:00+00:00,0.14725753664970398,0.14738084375858307,0.1459082067012787,0.1465168446302414,31979392,0.0,0.0
2024-11-03 18:00:00+00:00,0.1466473639011383,0.14770258963108063,0.14428958296775818,0.14765024185180664,47689344,0.0,0.0
2024-11-03 19:30:00+00:00,0.14734748005867004,0.1502501368522644,0.14731521904468536,0.15001323819160461,59737344,0.0,0.0
2024-11-03 21:00:00+00:00,0.1503169983625412,0.1536203920841217,0.1503169983625412,0.1517561972141266,137453184,0.0,0.0
2024-11-03 22:30:00+00:00,0.15171977877616882,0.1519729644060135,0.1506466269493103,0.151468887925148,52943104,0.0,0.0
2024-11-04 00:00:00+00:00,0.15129967033863068,0.15242721140384674,0.14860472083091736,0.15182717144489288,77598720,0.0,0.0
2024-11-04 01:30:00+00:00,0.1520242840051651,0.15333636105060577,0.1512470543384552,0.15333636105060577,11006720,0.0,0.0
2024-11-04 03:00:00+00:00,0.1534014791250229,0.15416564047336578,0.15179717540740967,0.15205879509449005,2300416,0.0,0.0
2024-11-04 04:30:00+00:00,0.1521482765674591,0.15253087878227234,0.14962837100028992,0.14971788227558136,5479552,0.0,0.0
2024-11-04 06:00:00+00:00,0.14965547621250153,0.15225917100906372,0.14965547621250153,0.15165278315544128,17514624,0.0,0.0
2024-11-04 07:30:00+00:00,0.1516491323709488,0.1516491323709488,0.1497538536787033,0.1503320336341858,12313344,0.0,0.0
2024-11-04 09:00:00+00:00,0.15043115615844727,0.1573188751935959,0.15043115615844727,0.1573188751935959,131100032,0.0,0.0
2024-11-04 10:30:00+00:00,0.15709416568279266,0.1578400731086731,0.15559306740760803,0.15694211423397064,136825088,0.0,0.0
2024-11-04 12:00:00+00:00,0.15681248903274536,0.1592382788658142,0.15680302679538727,0.15830974280834198,90026496,0.0,0.0
2024-11-04 13:30:00+00:00,0.15820026397705078,0.15820026397705078,0.1546931117773056,0.1546931117773056,23174656,0.0,0.0
2024-11-04 15:00:00+00:00,0.15535303950309753,0.15983018279075623,0.15535303950309753,0.15700410306453705,27792896,0.0,0.0
2024-11-04 16:30:00+00:00,0.15648704767227173,0.15926045179367065,0.15482132136821747,0.15712842345237732,119258368,0.0,0.0
2024-11-04 18:00:00+00:00,0.15657715499401093,0.15878014266490936,0.15598133206367493,0.15876783430576324,50728192,0.0,0.0
2024-11-04 19:30:00+00:00,0.1591649353504181,0.1596021056175232,0.1568552702665329,0.1568552702665329,56080128,0.0,0.0
2024-11-04 21:00:00+00:00,0.1569199562072754,0.1578199416399002,0.15247602760791779,0.1557038426399231,89978880,0.0,0.0
2024-11-04 22:30:00+00:00,0.15533022582530975,0.15865051746368408,0.15523287653923035,0.15762189030647278,50073856,0.0,0.0
2024-11-05 00:00:00+00:00,0.15819938480854034,0.1657968908548355,0.15819938480854034,0.16189081966876984,229823744,0.0,0.0
2024-11-05 01:30:00+00:00,0.16115126013755798,0.16282711923122406,0.16058559715747833,0.16138982772827148,50439936,0.0,0.0
2024-11-05 03:00:00+00:00,0.1617133617401123,0.16313447058200836,0.16151975095272064,0.16273429989814758,42361344,0.0,0.0
2024-11-05 04:30:00+00:00,0.16266168653964996,0.1649596393108368,0.16184447705745697,0.1649596393108368,80089088,0.0,0.0
2024-11-05 06:00:00+00:00,0.16534538567066193,0.16896435618400574,0.16534538567066193,0.1674094945192337,200523776,0.0,0.0
2024-11-05 07:30:00+00:00,0.1671323925256729,0.16856305301189423,0.1671323925256729,0.16799978911876678,93938176,0.0,0.0
2024-11-05 09:00:00+00:00,0.16832390427589417,0.16946803033351898,0.16616493463516235,0.16809777915477753,69228800,0.0,0.0
2024-11-05 10:30:00+00:00,0.16813939809799194,0.1722964495420456,0.16778868436813354,0.17169472575187683,72722432,0.0,0.0
2024-11-05 12:00:00+00:00,0.1716737002134323,0.1716737002134323,0.1688993126153946,0.16967622935771942,29947136,0.0,0.0
2024-11-05 13:30:00+00:00,0.16964630782604218,0.1786784529685974,0.1695948988199234,0.17675402760505676,334757120,0.0,0.0
2024-11-05 15:00:00+00:00,0.17678968608379364,0.1769121289253235,0.17393526434898376,0.17533376812934875,164990976,0.0,0.0
2024-11-05 16:30:00+00:00,0.1753583550453186,0.1774158924818039,0.1752435266971588,0.17666307091712952,69937920,0.0,0.0
2024-11-05 18:00:00+00:00,0.1765245944261551,0.1769399493932724,0.17268380522727966,0.17327731847763062,113516544,0.0,0.0
2024-11-05 19:30:00+00:00,0.17321927845478058,0.17334866523742676,0.16700612008571625,0.16939538717269897,239443968,0.0,0.0
2024-11-05 21:00:00+00:00,0.16940122842788696,0.16959629952907562,0.16597267985343933,0.16783703863620758,29735168,0.0,0.0
2024-11-05 22:30:00+00:00,0.1677921861410141,0.1727682650089264,0.1677921861410141,0.17018961906433105,119688448,0.0,0.0
2024-11-06 00:00:00+00:00,0.17017878592014313,0.1863064169883728,0.16980154812335968,0.18041835725307465,709920000,0.0,0.0
2024-11-06 01:30:00+00:00,0.18060338497161865,0.20021569728851318,0.17974227666854858,0.20021569728851318,1048275456,0.0,0.0
2024-11-06 03:00:00+00:00,0.199884831905365,0.212132066488266,0.199884831905365,0.2103971540927887,2378002432,0.0,0.0
2024-11-06 04:30:00+00:00,0.2102285921573639,0.2111048400402069,0.20026928186416626,0.20650772750377655,998795776,0.0,0.0
2024-11-06 06:00:00+00:00,0.2065926045179367,0.21078145503997803,0.20346227288246155,0.20731641352176666,664511488,0.0,0.0
2024-11-06 07:30:00+00:00,0.20674416422843933,0.20674416422843933,0.18777263164520264,0.1950434148311615,1091960832,0.0,0.0
2024-11-06 09:00:00+00:00,0.19495026767253876,0.1991914063692093,0.19495026767253876,0.1977851688861847,350523392,0.0,0.0
2024-11-06 10:30:00+00:00,0.19780534505844116,0.203177347779274,0.19780534505844116,0.2025112509727478,347076608,0.0,0.0
2024-11-06 12:00:00+00:00,0.2024671584367752,0.2045217752456665,0.19698171317577362,0.1980956643819809,288700416,0.0,0.0
2024-11-06 13:30:00+00:00,0.1980820894241333,0.19979624450206757,0.19217298924922943,0.19219161570072174,95479808,0.0,0.0
2024-11-06 15:00:00+00:00,0.1921776682138443,0.1947239339351654,0.18768110871315002,0.18950273096561432,277642240,0.0,0.0
2024-11-06 16:30:00+00:00,0.1896054893732071,0.19352614879608154,0.1896054893732071,0.1918940246105194,126011392,0.0,0.0
2024-11-06 18:00:00+00:00,0.19192098081111908,0.1954374760389328,0.19192098081111908,0.19359587132930756,130719744,0.0,0.0
2024-11-06 19:30:00+00:00,0.19322672486305237,0.198223277926445,0.19285067915916443,0.19582776725292206,146307072,0.0,0.0
2024-11-06 21:00:00+00:00,0.1958344578742981,0.1989828199148178,0.19467198848724365,0.1977922022342682,173936640,0.0,0.0
2024-11-06 22:30:00+00:00,0.19770118594169617,0.1995311975479126,0.1959998607635498,0.1965029239654541,73993216,0.0,0.0
2024-11-07 00:00:00+00:00,0.19664159417152405,0.20182375609874725,0.19400589168071747,0.2002408653497696,83678208,0.0,0.0
2024-11-07 01:30:00+00:00,0.20028164982795715,0.2034645825624466,0.1983756572008133,0.20000982284545898,50776064,0.0,0.0
2024-11-07 03:00:00+00:00,0.20003019273281097,0.20003019273281097,0.19509334862232208,0.19551455974578857,0,0.0,0.0
2024-11-07 04:30:00+00:00,0.1950683295726776,0.1950683295726776,0.19248975813388824,0.19370411336421967,0,0.0,0.0
2024-11-07 06:00:00+00:00,0.19364018738269806,0.19364018738269806,0.18905147910118103,0.19259224832057953,12967424,0.0,0.0
2024-11-07 07:30:00+00:00,0.1923828274011612,0.19412584602832794,0.19161896407604218,0.1931808590888977,0,0.0,0.0
2024-11-07 09:00:00+00:00,0.19328266382217407,0.19328266382217407,0.19055233895778656,0.1912146359682083,0,0.0,0.0
2024-11-07 10:30:00+00:00,0.19125647842884064,0.19288231432437897,0.19072045385837555,0.19113518297672272,0,0.0,0.0
2024-11-07 12:00:00+00:00,0.19095636904239655,0.19285933673381805,0.18962714076042175,0.19016410410404205,0,0.0,0.0
2024-11-07 13:30:00+00:00,0.1898895651102066,0.1898895651102066,0.1863010674715042,0.1892371028661728,52774400,0.0,0.0
2024-11-07 15:00:00+00:00,0.1893165111541748,0.195241779088974,0.18895196914672852,0.1926940232515335,6369792,0.0,0.0
2024-11-07 16:30:00+00:00,0.19280268251895905,0.19505919516086578,0.19280268251895905,0.19475103914737701,8451584,0.0,0.0
2024-11-07 18:00:00+00:00,0.19484446942806244,0.1968526989221573,0.19275355339050293,0.19333834946155548,50017280,0.0,0.0
2024-11-07 19:30:00+00:00,0.1930958479642868,0.19394147396087646,0.19206145405769348,0.19320610165596008,2808832,0.0,0.0
2024-11-07 21:00:00+00:00,0.19301186501979828,0.19507399201393127,0.19128625094890594,0.19133780896663666,3631616,0.0,0.0
2024-11-07 22:30:00+00:00,0.19116829335689545,0.19367842376232147,0.19071882963180542,0.19317103922367096,5936128,0.0,0.0
2024-11-08 00:00:00+00:00,0.1944102644920349,0.19849050045013428,0.1944102644920349,0.19500333070755005,54672896,0.0,0.0
2024-11-08 01:30:00+00:00,0.1944228559732437,0.1944228559732437,0.1915212720632553,0.19152876734733582,0,0.0,0.0
2024-11-08 03:00:00+00:00,0.1913934350013733,0.19550569355487823,0.19134169816970825,0.19528575241565704,3265024,0.0,0.0
2024-11-08 04:30:00+00:00,0.19520041346549988,0.1986081749200821,0.19446507096290588,0.1986081749200821,78189312,0.0,0.0
2024-11-08 06:00:00+00:00,0.19899117946624756,0.20142410695552826,0.19772671163082123,0.20002950727939606,132475648,0.0,0.0
2024-11-08 07:30:00+00:00,0.20063060522079468,0.20063060522079468,0.19708986580371857,0.197494238615036,16094208,0.0,0.0
2024-11-08 09:00:00+00:00,0.19744980335235596,0.19872768223285675,0.19557538628578186,0.1962367594242096,36787712,0.0,0.0
2024-11-08 10:30:00+00:00,0.1969616562128067,0.19833077490329742,0.19675637781620026,0.19675637781620026,24637952,0.0,0.0
2024-11-08 12:00:00+00:00,0.19674913585186005,0.1990768164396286,0.19674913585186005,0.19736923277378082,16994560,0.0,0.0
2024-11-08 13:30:00+00:00,0.19735100865364075,0.20019015669822693,0.19528891146183014,0.1954316645860672,69426432,0.0,0.0
2024-11-08 15:00:00+00:00,0.1954645812511444,0.19791847467422485,0.19403043389320374,0.1977481245994568,61332224,0.0,0.0
2024-11-08 16:30:00+00:00,0.19739697873592377,0.19739697873592377,0.19134306907653809,0.19334293901920319,109356800,0.0,0.0
2024-11-08 18:00:00+00:00,0.19336076080799103,0.19672060012817383,0.1932680606842041,0.196369007229805,26962176,0.0,0.0
2024-11-08 19:30:00+00:00,0.19641272723674774,0.19763652980327606,0.19550606608390808,0.19614973664283752,22402304,0.0,0.0
2024-11-08 21:00:00+00:00,0.1963222175836563,0.2051885724067688,0.1963222175836563,0.2051885724067688,235789824,0.0,0.0
2024-11-08 22:30:00+00:00,0.20620156824588776,0.20635411143302917,0.20120328664779663,0.20211106538772583,166738688,0.0,0.0
2024-11-09 00:00:00+00:00,0.20179589092731476,0.20435401797294617,0.2007468342781067,0.2007468342781067,18797568,0.0,0.0
2024-11-09 01:30:00+00:00,0.2006700485944748,0.20116320252418518,0.19784104824066162,0.1994210183620453,42064896,0.0,0.0
2024-11-09 03:00:00+00:00,0.19939832389354706,0.19992312788963318,0.1985606849193573,0.19975262880325317,8279296,0.0,0.0
2024-11-09 04:30:00+00:00,0.19975592195987701,0.20294420421123505,0.19964943826198578,0.20231710374355316,11998976,0.0,0.0
2024-11-09 06:00:00+00:00,0.20235830545425415,0.20524227619171143,0.20231875777244568,0.20389758050441742,42667264,0.0,0.0
2024-11-09 07:30:00+00:00,0.20390412211418152,0.21196022629737854,0.20390412211418152,0.2098807841539383,315411456,0.0,0.0
2024-11-09 09:00:00+00:00,0.2098098248243332,0.21149417757987976,0.20888368785381317,0.2089586704969406,86990336,0.0,0.0
2024-11-09 10:30:00+00:00,0.20894163846969604,0.21007737517356873,0.20790225267410278,0.20803901553153992,32921344,0.0,0.0
2024-11-09 12:00:00+00:00,0.20799125730991364,0.20799125730991364,0.20470324158668518,0.20604446530342102,104829440,0.0,0.0
2024-11-09 13:30:00+00:00,0.2061006873846054,0.2067033052444458,0.20362579822540283,0.20495735108852386,10377984,0.0,0.0
2024-11-09 15:00:00+00:00,0.20490635931491852,0.20629143714904785,0.20410647988319397,0.20471015572547913,23445504,0.0,0.0
2024-11-09 16:30:00+00:00,0.20468996465206146,0.20710615813732147,0.2021293193101883,0.20710615813732147,50415872,0.0,0.0
2024-11-09 18:00:00+00:00,0.20713388919830322,0.21025986969470978,0.20701073110103607,0.20850937068462372,63169280,0.0,0.0
2024-11-09 19:30:00+00:00,0.20849454402923584,0.21036940813064575,0.2078717201948166,0.20957882702350616,36199936,0.0,0.0
2024-11-09 21:00:00+00:00,0.20946671068668365,0.2163177877664566,0.20946671068668365,0.21614722907543182,149774592,0.0,0.0
2024-11-09 22:30:00+00:00,0.21620135009288788,0.21914631128311157,0.21438604593276978,0.21863064169883728,228702720,0.0,0.0
2024-11-10 00:00:00+00:00,0.21861012279987335,0.22687318921089172,0.21731460094451904,0.22483614087104797,593645824,0.0,0.0
2024-11-10 01:30:00+00:00,0.22500412166118622,0.22880183160305023,0.2234945446252823,0.22533924877643585,285878784,0.0,0.0
2024-11-10 03:00:00+00:00,0.22525040805339813,0.22905704379081726,0.22420720756053925,0.2273644357919693,264183296,0.0,0.0
2024-11-10 04:30:00+00:00,0.22756707668304443,0.23077701032161713,0.22539782524108887,0.22539782524108887,533139456,0.0,0.0
2024-11-10 06:00:00+00:00,0.22667399048805237,0.22770583629608154,0.2252364307641983,0.22622546553611755,60933120,0.0,0.0
2024-11-10 07:30:00+00:00,0.2261285036802292,0.22966772317886353,0.22605548799037933,0.229338601231575,18511872,0.0,0.0
2024-11-10 09:00:00+00:00,0.2293119877576828,0.2363898903131485,0.2289028912782669,0.23467104136943817,328821760,0.0,0.0
2024-11-10 10:30:00+00:00,0.2349342405796051,0.24303705990314484,0.2349342405796051,0.24303705990314484,507787264,0.0,0.0
2024-11-10 12:00:00+00:00,0.24285271763801575,0.24774692952632904,0.24055072665214539,0.24516761302947998,649780736,0.0,0.0
2024-11-10 13:30:00+00:00,0.24575763940811157,0.24880236387252808,0.23951956629753113,0.24074512720108032,627016192,0.0,0.0
2024-11-10 15:00:00+00:00,0.24070347845554352,0.2536018490791321,0.24067431688308716,0.2536018490791321,589793280,0.0,0.0
2024-11-10 16:30:00+00:00,0.25635281205177307,0.27738291025161743,0.25635281205177307,0.2755802869796753,1604399616,0.0,0.0
2024-11-10 18:00:00+00:00,0.2717137336730957,0.2966044545173645,0.2717137336730957,0.2768205404281616,2060060672,0.0,0.0
2024-11-10 19:30:00+00:00,0.27732959389686584,0.2789769768714905,0.2609109878540039,0.2609109878540039,1102071808,0.0,0.0
2024-11-10 21:00:00+00:00,0.25926682353019714,0.28326740860939026,0.25134825706481934,0.2809315323829651,1264401408,0.0,0.0
2024-11-10 22:30:00+00:00,0.27642545104026794,0.2791232466697693,0.2708081007003784,0.2791232466697693,441739264,0.0,0.0
2024-11-11 00:00:00+00:00,0.27757734060287476,0.2953551113605499,0.27757734060287476,0.29286304116249084,990045184,0.0,0.0
2024-11-11 01:30:00+00:00,0.29439103603363037,0.3010611832141876,0.2916902005672455,0.2954862713813782,943399936,0.0,0.0
2024-11-11 03:00:00+00:00,0.29466015100479126,0.2956826686859131,0.28681808710098267,0.2922888994216919,410422272,0.0,0.0
2024-11-11 04:30:00+00:00,0.29042187333106995,0.29635605216026306,0.27632540464401245,0.27680572867393494,426989568,0.0,0.0
2024-11-11 06:00:00+00:00,0.2781798541545868,0.28322842717170715,0.2768808603286743,0.2768808603286743,592975872,0.0,0.0
2024-11-11 07:30:00+00:00,0.2768886685371399,0.28472059965133667,0.27654212713241577,0.28193074464797974,681336832,0.0,0.0
2024-11-11 09:00:00+00:00,0.2818741202354431,0.2924500107765198,0.2768491208553314,0.2902087867259979,489674752,0.0,0.0
2024-11-11 10:30:00+00:00,0.29028618335723877,0.2950185239315033,0.2870763838291168,0.2930115759372711,243884032,0.0,0.0
2024-11-11 12:00:00+00:00,0.2929544150829315,0.29453349113464355,0.28605642914772034,0.28842809796333313,123414528,0.0,0.0
2024-11-11 13:30:00+00:00,0.28843140602111816,0.29143714904785156,0.28472405672073364,0.29034531116485596,131856384,0.0,0.0
2024-11-11 15:00:00+00:00,0.290560781955719,0.32423391938209534,0.290560781955719,0.3193031847476959,2086199296,0.0,0.0
2024-11-11 16:30:00+00:00,0.3197914958000183,0.32768383622169495,0.3172229826450348,0.3217381238937378,239601664,0.0,0.0
2024-11-11 18:00:00+00:00,0.3216579854488373,0.32664814591407776,0.3143188953399658,0.32511016726493835,11096064,0.0,0.0
2024-11-11 19:30:00+00:00,0.32454714179039,0.33079665899276733,0.3180321753025055,0.3250129222869873,185425920,0.0,0.0
2024-11-11 21:00:00+00:00,0.3251662254333496,0.331858366727829,0.32004669308662415,0.32403841614723206,189577216,0.0,0.0
2024-11-11 22:30:00+00:00,0.3241578936576843,0.3492472469806671,0.32162997126579285,0.34893661737442017,1086771200,0.0,0.0
2024-11-12 00:00:00+00:00,0.3498174250125885,0.36328932642936707,0.3340890407562256,0.35952940583229065,1449814016,0.0,0.0
2024-11-12 01:30:00+00:00,0.359029620885849,0.3607270121574402,0.346206396818161,0.3494935631752014,268390400,0.0,0.0
2024-11-12 03:00:00+00:00,0.34987369179725647,0.378357857465744,0.34987369179725647,0.378357857465744,870166528,0.0,0.0
2024-11-12 04:30:00+00:00,0.38013768196105957,0.41917920112609863,0.38013768196105957,0.4003921449184418,3487944704,0.0,0.0
2024-11-12 06:00:00+00:00,0.40051618218421936,0.4124273359775543,0.3967632055282593,0.4113653898239136,1371248640,0.0,0.0
2024-11-12 07:30:00+00:00,0.41065752506256104,0.42898502945899963,0.40677499771118164,0.42898502945899963,1782923264,0.0,0.0
2024-11-12 09:00:00+00:00,0.429812490940094,0.4355858266353607,0.39781373739242554,0.400619775056839,2651959296,0.0,0.0
2024-11-12 10:30:00+00:00,0.40047487616539,0.4008721709251404,0.3558380901813507,0.3959886133670807,4491104256,0.0,0.0
2024-11-12 12:00:00+00:00,0.39601045846939087,0.4029020667076111,0.3619139790534973,0.3719913959503174,1937121280,0.0,0.0
2024-11-12 13:30:00+00:00,0.37125682830810547,0.37965962290763855,0.3438430428504944,0.3791903257369995,2874585088,0.0,0.0
2024-11-12 15:00:00+00:00,0.3800969421863556,0.38709503412246704,0.3528294265270233,0.35596510767936707,554364928,0.0,0.0
2024-11-12 16:30:00+00:00,0.35789671540260315,0.3810386657714844,0.35789671540260315,0.3735913336277008,683966464,0.0,0.0
2024-11-12 18:00:00+00:00,0.3734135031700134,0.3945430815219879,0.373058021068573,0.3898402452468872,976429056,0.0,0.0
2024-11-12 19:30:00+00:00,0.3885912299156189,0.39062073826789856,0.37790733575820923,0.3848094046115875,325861376,0.0,0.0
2024-11-12 21:00:00+00:00,0.38314715027809143,0.38314715027809143,0.37188366055488586,0.3804517090320587,178241536,0.0,0.0
2024-11-12 22:30:00+00:00,0.38076162338256836,0.3959940969944,0.3801974654197693,0.38251829147338867,451665920,0.0,0.0
2024-11-13 00:00:00+00:00,0.3822817802429199,0.4108124375343323,0.3704363703727722,0.3875562250614166,1310597120,0.0,0.0
2024-11-13 01:30:00+00:00,0.3881290853023529,0.39471596479415894,0.37619078159332275,0.3848828673362732,692871168,0.0,0.0
2024-11-13 03:00:00+00:00,0.38510918617248535,0.3947400450706482,0.3741915822029114,0.37566983699798584,333238272,0.0,0.0
2024-11-13 04:30:00+00:00,0.3733755350112915,0.3733755350112915,0.35662132501602173,0.36087125539779663,156635136,0.0,0.0
2024-11-13 06:00:00+00:00,0.36198681592941284,0.3752005398273468,0.35805192589759827,0.373489648103714,299188224,0.0,0.0
2024-11-13 07:30:00+00:00,0.37330055236816406,0.3844481408596039,0.3714664876461029,0.3763502538204193,214630400,0.0,0.0
2024-11-13 09:00:00+00:00,0.3767077922821045,0.38060078024864197,0.3713904321193695,0.3788937032222748,0,0.0,0.0
2024-11-13 10:30:00+00:00,0.378937691450119,0.393130362033844,0.37784668803215027,0.38790038228034973,0,0.0,0.0
2024-11-13 12:00:00+00:00,0.3882789611816406,0.39548125863075256,0.38169628381729126,0.39548125863075256,0,0.0,0.0
2024-11-13 13:30:00+00:00,0.39517512917518616,0.4316236972808838,0.3915139138698578,0.42787593603134155,1364699136,0.0,0.0
2024-11-13 15:00:00+00:00,0.4265387952327728,0.4265387952327728,0.41162359714508057,0.41596636176109314,649029632,0.0,0.0
2024-11-13 16:30:00+00:00,0.41634663939476013,0.4223368763923645,0.4080362319946289,0.4080362319946289,427993088,0.0,0.0
2024-11-13 18:00:00+00:00,0.4081321954727173,0.4081321954727173,0.3865351974964142,0.3865351974964142,189693952,0.0,0.0
2024-11-13 19:30:00+00:00,0.3884190618991852,0.3912173807621002,0.37965017557144165,0.38750332593917847,407939072,0.0,0.0
2024-11-13 21:00:00+00:00,0.38785701990127563,0.39089685678482056,0.373758465051651,0.39089685678482056,350973952,0.0,0.0
2024-11-13 22:30:00+00:00,0.39096593856811523,0.40410274267196655,0.38827356696128845,0.39882564544677734,213843968,0.0,0.0
2024-11-14 00:00:00+00:00,0.39930659532546997,0.39957618713378906,0.390437513589859,0.391500860452652,0,0.0,0.0
2024-11-14 01:30:00+00:00,0.39105623960494995,0.39294907450675964,0.38448789715766907,0.38836976885795593,0,0.0,0.0
2024-11-14 03:00:00+00:00,0.3886367976665497,0.3889158368110657,0.38124874234199524,0.38795366883277893,0,0.0,0.0
2024-11-14 04:30:00+00:00,0.38791871070861816,0.39433205127716064,0.3865309953689575,0.3939037322998047,0,0.0,0.0
2024-11-14 06:00:00+00:00,0.3940407335758209,0.4003358781337738,0.38698023557662964,0.3899051249027252,56164352,0.0,0.0
2024-11-14 07:30:00+00:00,0.39023086428642273,0.4017024338245392,0.39023086428642273,0.40078750252723694,148992000,0.0,0.0
2024-11-14 09:00:00+00:00,0.40086305141448975,0.4071064293384552,0.39764636754989624,0.40363049507141113,126767104,0.0,0.0
2024-11-14 10:30:00+00:00,0.40346214175224304,0.4040762186050415,0.3906049132347107,0.3980705142021179,127969280,0.0,0.0
2024-11-14 12:00:00+00:00,0.39775264263153076,0.39775264263153076,0.3910585641860962,0.3959904611110687,14913536,0.0,0.0
2024-11-14 13:30:00+00:00,0.3958185315132141,0.41407909989356995,0.39165955781936646,0.39165955781936646,75128832,0.0,0.0
2024-11-14 15:00:00+00:00,0.39112451672554016,0.3929467797279358,0.3821171820163727,0.3901362121105194,0,0.0,0.0
2024-11-14 16:30:00+00:00,0.3901567757129669,0.39953091740608215,0.3901567757129669,0.39455336332321167,37394432,0.0,0.0
2024-11-14 18:00:00+00:00,0.3947928845882416,0.39754173159599304,0.391510933637619,0.3961752653121948,0,0.0,0.0
2024-11-14 19:30:00+00:00,0.3963581323623657,0.39650052785873413,0.3858664333820343,0.3859141767024994,0,0.0,0.0
2024-11-14 21:00:00+00:00,0.38564276695251465,0.3897692561149597,0.3818430006504059,0.3818430006504059,944128,0.0,0.0
2024-11-14 22:30:00+00:00,0.381686270236969,0.381686270236969,0.35582566261291504,0.36132150888442993,588038144,0.0,0.0
2024-11-15 00:00:00+00:00,0.36188533902168274,0.3758746087551117,0.36188533902168274,0.3645313084125519,423733248,0.0,0.0
2024-11-15 01:30:00+00:00,0.3645313084125519,0.3742232620716095,0.3645313084125519,0.37366119027137756,97676288,0.0,0.0
2024-11-15 03:00:00+00:00,0.3737078905105591,0.3737078905105591,0.3637828826904297,0.3637828826904297,83904512,0.0,0.0
2024-11-15 04:30:00+00:00,0.36379656195640564,0.36502885818481445,0.35489901900291443,0.36502885818481445,411251712,0.0,0.0
2024-11-15 06:00:00+00:00,0.365849107503891,0.37090015411376953,0.365849107503891,0.3697168827056885,25174016,0.0,0.0
2024-11-15 07:30:00+00:00,0.36913713812828064,0.37044042348861694,0.3635106682777405,0.3703263998031616,34808832,0.0,0.0
2024-11-15 09:00:00+00:00,0.37023231387138367,0.37706759572029114,0.3698342740535736,0.37187719345092773,46100480,0.0,0.0
2024-11-15 10:30:00+00:00,0.3718862533569336,0.3735544681549072,0.3677995204925537,0.3731502890586853,5304320,0.0,0.0
2024-11-15 12:00:00+00:00,0.3732124865055084,0.3795973062515259,0.36935538053512573,0.36939242482185364,184436736,0.0,0.0
2024-11-15 13:30:00+00:00,0.3699459433555603,0.37266236543655396,0.36099594831466675,0.36275431513786316,0,0.0,0.0
2024-11-15 15:00:00+00:00,0.36250749230384827,0.3642447888851166,0.35465705394744873,0.3642447888851166,39291904,0.0,0.0
2024-11-15 16:30:00+00:00,0.36407271027565,0.36407271027565,0.3563540577888489,0.3590470850467682,28858368,0.0,0.0
2024-11-15 18:00:00+00:00,0.3586297333240509,0.36483141779899597,0.3562090992927551,0.3647935092449188,223567872,0.0,0.0
2024-11-15 19:30:00+00:00,0.36496293544769287,0.37556201219558716,0.36469975113868713,0.37447768449783325,263258112,0.0,0.0
2024-11-15 21:00:00+00:00,0.3755301535129547,0.3786275088787079,0.37202250957489014,0.37852346897125244,75284480,0.0,0.0
2024-11-15 22:30:00+00:00,0.3785157799720764,0.3842305541038513,0.3769487738609314,0.37880027294158936,62169088,0.0,0.0
2024-11-16 00:00:00+00:00,0.3800686299800873,0.3815278112888336,0.3734777569770813,0.37933188676834106,0,0.0,0.0
2024-11-16 01:30:00+00:00,0.3793325424194336,0.38320061564445496,0.37794822454452515,0.3796663284301758,39707648,0.0,0.0
2024-11-16 03:00:00+00:00,0.379497230052948,0.3820394277572632,0.3772752583026886,0.3776012063026428,9876480,0.0,0.0
2024-11-16 04:30:00+00:00,0.3774781823158264,0.3791486620903015,0.37517353892326355,0.37840980291366577,0,0.0,0.0
2024-11-16 06:00:00+00:00,0.3779299557209015,0.3892354369163513,0.3768322765827179,0.3807857632637024,573552640,0.0,0.0
2024-11-16 07:30:00+00:00,0.38070714473724365,0.38070714473724365,0.37730297446250916,0.3775257170200348,14547968,0.0,0.0
2024-11-16 09:00:00+00:00,0.3776122033596039,0.3799420893192291,0.37283748388290405,0.37545517086982727,14144512,0.0,0.0
2024-11-16 10:30:00+00:00,0.37548139691352844,0.37842845916748047,0.37240779399871826,0.3762420415878296,64613376,0.0,0.0
2024-11-16 12:00:00+00:00,0.37621763348579407,0.37668174505233765,0.3702825605869293,0.3759506940841675,12558336,0.0,0.0
2024-11-16 13:30:00+00:00,0.3755169212818146,0.3755169212818146,0.36728617548942566,0.36728617548942566,9469952,0.0,0.0
2024-11-16 15:00:00+00:00,0.3672195374965668,0.3684450089931488,0.3630419671535492,0.36833423376083374,63415296,0.0,0.0
2024-11-16 16:30:00+00:00,0.36839982867240906,0.37415483593940735,0.36688363552093506,0.3730646073818207,20637696,0.0,0.0
2024-11-16 18:00:00+00:00,0.37303784489631653,0.37350428104400635,0.3709004819393158,0.37094226479530334,0,0.0,0.0
2024-11-16 19:30:00+00:00,0.3709474205970764,0.3737833797931671,0.3672081232070923,0.3672081232070923,0,0.0,0.0
2024-11-16 21:00:00+00:00,0.3672000765800476,0.3701266050338745,0.3663337528705597,0.37010207772254944,3222528,0.0,0.0
2024-11-16 22:30:00+00:00,0.3701084554195404,0.3701084554195404,0.36157676577568054,0.3636219799518585,30280704,0.0,0.0
2024-11-17 00:00:00+00:00,0.363803505897522,0.36814823746681213,0.36272576451301575,0.3659130036830902,30225920,0.0,0.0
2024-11-17 01:30:00+00:00,0.36587682366371155,0.36587682366371155,0.341736763715744,0.34908580780029297,717643264,0.0,0.0
2024-11-17 03:00:00+00:00,0.3490830361843109,0.35181698203086853,0.34615087509155273,0.3502059280872345,145651200,0.0,0.0
2024-11-17 04:30:00+00:00,0.3516124486923218,0.35682225227355957,0.34995579719543457,0.35027259588241577,161454592,0.0,0.0
2024-11-17 06:00:00+00:00,0.3502240777015686,0.358635812997818,0.34953391551971436,0.35853976011276245,14937600,0.0,0.0
2024-11-17 07:30:00+00:00,0.35836929082870483,0.3672303259372711,0.3579287827014923,0.3672303259372711,212073472,0.0,0.0
2024-11-17 09:00:00+00:00,0.3668437898159027,0.3734484612941742,0.3657814860343933,0.3677902817726135,228675584,0.0,0.0
2024-11-17 10:30:00+00:00,0.36781564354896545,0.3679450750350952,0.35939374566078186,0.36126431822776794,84580864,0.0,0.0
2024-11-17 12:00:00+00:00,0.3611814081668854,0.36968040466308594,0.36075860261917114,0.3663622736930847,98200064,0.0,0.0
2024-11-17 13:30:00+00:00,0.3662774860858917,0.3662774860858917,0.35903847217559814,0.36065158247947693,39688704,0.0,0.0
2024-11-17 15:00:00+00:00,0.3607499301433563,0.3649081289768219,0.3594747483730316,0.3634811043739319,235008,0.0,0.0
2024-11-17 16:30:00+00:00,0.3634811043739319,0.3695765435695648,0.3634811043739319,0.3675944209098816,133182976,0.0,0.0
2024-11-17 18:00:00+00:00,0.3674575686454773,0.3674575686454773,0.35547661781311035,0.35547661781311035,73145856,0.0,0.0
2024-11-17 19:30:00+00:00,0.3558182120323181,0.36437708139419556,0.3558182120323181,0.3608723282814026,106742272,0.0,0.0
2024-11-17 21:00:00+00:00,0.3608914613723755,0.36353829503059387,0.35403668880462646,0.36120346188545227,211830272,0.0,0.0
2024-11-17 22:30:00+00:00,0.361102432012558,0.3668714463710785,0.35890325903892517,0.3664558529853821,125440000,0.0,0.0
2024-11-18 00:00:00+00:00,0.36666420102119446,0.36781007051467896,0.36191412806510925,0.366892546415329,82990592,0.0,0.0
2024-11-18 01:30:00+00:00,0.36716532707214355,0.3753238022327423,0.3665791451931,0.3720451295375824,59811328,0.0,0.0
2024-11-18 03:00:00+00:00,0.37200069427490234,0.3723715841770172,0.36833661794662476,0.37101197242736816,10169856,0.0,0.0
2024-11-18 04:30:00+00:00,0.3710489571094513,0.3747366964817047,0.36862611770629883,0.36862611770629883,38886400,0.0,0.0
2024-11-18 06:00:00+00:00,0.36894845962524414,0.3797650635242462,0.36894845962524414,0.37536513805389404,367017984,0.0,0.0
2024-11-18 07:30:00+00:00,0.37516555190086365,0.37920618057250977,0.3730787932872772,0.3757691979408264,87968768,0.0,0.0
2024-11-18 09:00:00+00:00,0.37544798851013184,0.37544798851013184,0.37069278955459595,0.37281304597854614,9776128,0.0,0.0
2024-11-18 10:30:00+00:00,0.37292879819869995,0.3733270466327667,0.3623560667037964,0.3624584972858429,125087232,0.0,0.0
2024-11-18 12:00:00+00:00,0.3625801205635071,0.3660407066345215,0.3593113124370575,0.3606293797492981,133327360,0.0,0.0
2024-11-18 13:30:00+00:00,0.36065757274627686,0.3657737374305725,0.360019326210022,0.3625350594520569,102204928,0.0,0.0
2024-11-18 15:00:00+00:00,0.362789511680603,0.3788134753704071,0.3626868724822998,0.3744588792324066,633427968,0.0,0.0
2024-11-18 16:30:00+00:00,0.3745289444923401,0.37464913725852966,0.368758887052536,0.3745528757572174,166811648,0.0,0.0
2024-11-18 18:00:00+00:00,0.37436676025390625,0.37479060888290405,0.36458510160446167,0.365562379360199,178925568,0.0,0.0
2024-11-18 19:30:00+00:00,0.36548176407814026,0.37925800681114197,0.3642064034938812,0.37227872014045715,453254656,0.0,0.0
2024-11-18 21:00:00+00:00,0.37233877182006836,0.3777189254760742,0.37233877182006836,0.374987930059433,79741952,0.0,0.0
2024-11-18 22:30:00+00:00,0.3750481605529785,0.37695643305778503,0.37073224782943726,0.3716714084148407,33061376,0.0,0.0
2024-11-19 00:00:00+00:00,0.37159109115600586,0.37268900871276855,0.36804476380348206,0.3717471659183502,33778688,0.0,0.0
2024-11-19 01:30:00+00:00,0.37174949049949646,0.37498319149017334,0.37041494250297546,0.37377697229385376,10112512,0.0,0.0
2024-11-19 03:00:00+00:00,0.3737456202507019,0.3894873559474945,0.37342193722724915,0.38947734236717224,534371840,0.0,0.0
2024-11-19 04:30:00+00:00,0.38977718353271484,0.3920022249221802,0.385109543800354,0.38903239369392395,703354368,0.0,0.0
2024-11-19 06:00:00+00:00,0.3893981873989105,0.3908758759498596,0.38668325543403625,0.3908758759498596,110709760,0.0,0.0
2024-11-19 07:30:00+00:00,0.39129874110221863,0.39512449502944946,0.3815614879131317,0.3848362863063812,430179328,0.0,0.0
2024-11-19 09:00:00+00:00,0.3846852481365204,0.3869037926197052,0.38212499022483826,0.38535621762275696,45928448,0.0,0.0
2024-11-19 10:30:00+00:00,0.3854025602340698,0.3860310912132263,0.38257327675819397,0.3831292688846588,17589248,0.0,0.0
2024-11-19 12:00:00+00:00,0.38315486907958984,0.40139856934547424,0.38315486907958984,0.4012525677680969,946049024,0.0,0.0
2024-11-19 13:30:00+00:00,0.4004961848258972,0.4004961848258972,0.38721591234207153,0.3888058066368103,663173120,0.0,0.0
2024-11-19 15:00:00+00:00,0.3888486623764038,0.39664411544799805,0.3885754942893982,0.39664411544799805,101292032,0.0,0.0
2024-11-19 16:30:00+00:00,0.3972340226173401,0.40238651633262634,0.3964456617832184,0.4011257290840149,351310848,0.0,0.0
2024-11-19 18:00:00+00:00,0.4015260934829712,0.4182675778865814,0.4015260934829712,0.4115908145904541,1030590464,0.0,0.0
2024-11-19 19:30:00+00:00,0.4115796387195587,0.41159653663635254,0.38804543018341064,0.39166566729545593,325599232,0.0,0.0
2024-11-19 21:00:00+00:00,0.3915403485298157,0.3920663297176361,0.38344916701316833,0.3834775686264038,506323968,0.0,0.0
2024-11-19 22:30:00+00:00,0.3833494484424591,0.3916664719581604,0.38112780451774597,0.39149731397628784,351918080,0.0,0.0
2024-11-20 00:00:00+00:00,0.3913261890411377,0.3913261890411377,0.38335731625556946,0.38335731625556946,87157760,0.0,0.0
2024-11-20 01:30:00+00:00,0.38305073976516724,0.3877169191837311,0.38263747096061707,0.383363276720047,148664320,0.0,0.0
2024-11-20 03:00:00+00:00,0.38298699259757996,0.38538432121276855,0.37842315435409546,0.38538432121276855,269568000,0.0,0.0
2024-11-20 04:30:00+00:00,0.385461688041687,0.3900395333766937,0.38482433557510376,0.38965946435928345,0,0.0,0.0
2024-11-20 06:00:00+00:00,0.38987278938293457,0.392225980758667,0.3869723379611969,0.3894965350627899,15097856,0.0,0.0
2024-11-20 07:30:00+00:00,0.3894508183002472,0.3949732184410095,0.3892207741737366,0.3935854732990265,21992448,0.0,0.0
2024-11-20 09:00:00+00:00,0.39344191551208496,0.3950904905796051,0.38967111706733704,0.39260783791542053,99617792,0.0,0.0
2024-11-20 10:30:00+00:00,0.39237821102142334,0.39377230405807495,0.3857530355453491,0.38989561796188354,203435008,0.0,0.0
2024-11-20 12:00:00+00:00,0.38979196548461914,0.3916301131248474,0.38315245509147644,0.39017805457115173,29496320,0.0,0.0
2024-11-20 13:30:00+00:00,0.39048829674720764,0.39559879899024963,0.38878199458122253,0.39246422052383423,87666688,0.0,0.0
2024-11-20 15:00:00+00:00,0.3926602303981781,0.39349475502967834,0.3824748992919922,0.3824748992919922,41475072,0.0,0.0
2024-11-20 16:30:00+00:00,0.38102126121520996,0.3830021321773529,0.375163197517395,0.375163197517395,221786112,0.0,0.0
2024-11-20 18:00:00+00:00,0.37486740946769714,0.3758070766925812,0.36664730310440063,0.3674231767654419,12112896,0.0,0.0
2024-11-20 19:30:00+00:00,0.3676488399505615,0.3781187832355499,0.3676488399505615,0.37748339772224426,27115520,0.0,0.0
2024-11-20 21:00:00+00:00,0.3775341808795929,0.3811022639274597,0.3761654794216156,0.3805483281612396,0,0.0,0.0
2024-11-20 22:30:00+00:00,0.380415678024292,0.380415678024292,0.3772221505641937,0.3772221505641937,0,0.0,0.0
2024-11-21 00:00:00+00:00,0.3774716854095459,0.38572967052459717,0.3774716854095459,0.38420218229293823,68195328,0.0,0.0
2024-11-21 01:30:00+00:00,0.384079247713089,0.384079247713089,0.3706144690513611,0.3732004463672638,202038272,0.0,0.0
2024-11-21 03:00:00+00:00,0.3732646405696869,0.38036370277404785,0.3732646405696869,0.3779028058052063,75553792,0.0,0.0
2024-11-21 04:30:00+00:00,0.3780832290649414,0.38959363102912903,0.3780832290649414,0.3832866847515106,575476224,0.0,0.0
2024-11-21 06:00:00+00:00,0.38332420587539673,0.386300265789032,0.38175538182258606,0.38594165444374084,77885440,0.0,0.0
2024-11-21 07:30:00+00:00,0.38605228066444397,0.3871443569660187,0.38432541489601135,0.38530996441841125,10438656,0.0,0.0
2024-11-21 09:00:00+00:00,0.3853476941585541,0.3854479193687439,0.37953492999076843,0.37953492999076843,14881792,0.0,0.0
2024-11-21 10:30:00+00:00,0.3798254728317261,0.3840334415435791,0.3798254728317261,0.38291922211647034,39801856,0.0,0.0
2024-11-21 12:00:00+00:00,0.38298627734184265,0.39011380076408386,0.3827725052833557,0.3871500492095947,363821056,0.0,0.0
2024-11-21 13:30:00+00:00,0.38719475269317627,0.3941742181777954,0.386493980884552,0.38779863715171814,240833024,0.0,0.0
2024-11-21 15:00:00+00:00,0.38778093457221985,0.38778093457221985,0.3784295916557312,0.3838540315628052,233094144,0.0,0.0
2024-11-21 16:30:00+00:00,0.38389691710472107,0.3863711357116699,0.38251426815986633,0.3858188986778259,2676224,0.0,0.0
2024-11-21 18:00:00+00:00,0.38589391112327576,0.3879624009132385,0.3835122883319855,0.38532164692878723,10257408,0.0,0.0
2024-11-21 19:30:00+00:00,0.38539573550224304,0.38993754982948303,0.38455504179000854,0.3869771361351013,88762368,0.0,0.0
2024-11-21 21:00:00+00:00,0.38707059621810913,0.38707059621810913,0.3828767240047455,0.3857196867465973,42693632,0.0,0.0
2024-11-21 22:30:00+00:00,0.385576993227005,0.3879408538341522,0.385076105594635,0.38764283061027527,53907968,0.0,0.0
2024-11-22 00:00:00+00:00,0.3874860405921936,0.3884613811969757,0.38157376646995544,0.3836877942085266,77819392,0.0,0.0
2024-11-22 01:30:00+00:00,0.38384583592414856,0.39963629841804504,0.38186559081077576,0.3987441956996918,609093632,0.0,0.0
2024-11-22 03:00:00+00:00,0.3983059227466583,0.3983059227466583,0.39080727100372314,0.39570847153663635,211079168,0.0,0.0
2024-11-22 04:30:00+00:00,0.3956947326660156,0.39901304244995117,0.39514318108558655,0.396727055311203,40559616,0.0,0.0
2024-11-22 06:00:00+00:00,0.3967144191265106,0.3967144191265106,0.39219802618026733,0.393696129322052,97004544,0.0,0.0
2024-11-22 07:30:00+00:00,0.39376306533813477,0.3952469825744629,0.39213767647743225,0.3941969871520996,111106048,0.0,0.0
2024-11-22 09:00:00+00:00,0.394106388092041,0.394106388092041,0.38618195056915283,0.38676390051841736,193603072,0.0,0.0
2024-11-22 10:30:00+00:00,0.3867473900318146,0.39400267601013184,0.38629409670829773,0.39400267601013184,157330432,0.0,0.0
2024-11-22 12:00:00+00:00,0.39403703808784485,0.4139326810836792,0.39373889565467834,0.394296795129776,1066424320,0.0,0.0
2024-11-22 13:30:00+00:00,0.3940090239048004,0.4041925072669983,0.39267078042030334,0.39432311058044434,1038271488,0.0,0.0
2024-11-22 15:00:00+00:00,0.3941733241081238,0.4053858518600464,0.3941733241081238,0.40105772018432617,331948032,0.0,0.0
2024-11-22 16:30:00+00:00,0.4009866714477539,0.4137406349182129,0.39905986189842224,0.40634721517562866,980312064,0.0,0.0
2024-11-22 18:00:00+00:00,0.406210333108902,0.40912577509880066,0.3964294195175171,0.3995208740234375,261256192,0.0,0.0
2024-11-22 19:30:00+00:00,0.3995587229728699,0.40226221084594727,0.39855507016181946,0.40226221084594727,62312448,0.0,0.0
2024-11-22 21:00:00+00:00,0.402233362197876,0.4177555441856384,0.4011152684688568,0.4177555441856384,722087936,0.0,0.0
2024-11-22 22:30:00+00:00,0.41762426495552063,0.4188542366027832,0.4088490903377533,0.412139892578125,619566080,0.0,0.0
2024-11-23 00:00:00+00:00,0.41291970014572144,0.4145727753639221,0.4068629741668701,0.40710484981536865,307526656,0.0,0.0
2024-11-23 01:30:00+00:00,0.40705519914627075,0.4277808964252472,0.40591898560523987,0.4276355504989624,476388352,0.0,0.0
2024-11-23 03:00:00+00:00,0.42736661434173584,0.4746902287006378,0.4237474203109741,0.471623033285141,2791950336,0.0,0.0
2024-11-23 04:30:00+00:00,0.4714447557926178,0.4714447557926178,0.45153629779815674,0.4645759165287018,1725286400,0.0,0.0
2024-11-23 06:00:00+00:00,0.4651355743408203,0.4688091278076172,0.4596500098705292,0.4626196324825287,663433216,0.0,0.0
2024-11-23 07:30:00+00:00,0.4626288414001465,0.4627508521080017,0.45530107617378235,0.46126723289489746,561451008,0.0,0.0
2024-11-23 09:00:00+00:00,0.46133455634117126,0.47308799624443054,0.46060869097709656,0.47146856784820557,555042816,0.0,0.0
2024-11-23 10:30:00+00:00,0.47155386209487915,0.4773229956626892,0.4701245427131653,0.47135961055755615,879935488,0.0,0.0
2024-11-23 12:00:00+00:00,0.4710918366909027,0.4744237959384918,0.4663090705871582,0.4717925488948822,187910144,0.0,0.0
2024-11-23 13:30:00+00:00,0.47146135568618774,0.4725279211997986,0.46211981773376465,0.46594271063804626,24731648,0.0,0.0
2024-11-23 15:00:00+00:00,0.4659787118434906,0.46618789434432983,0.43317949771881104,0.43704909086227417,575408128,0.0,0.0
2024-11-23 16:30:00+00:00,0.43463635444641113,0.43640652298927307,0.4206426441669464,0.43220916390419006,1075326976,0.0,0.0
2024-11-23 18:00:00+00:00,0.43221601843833923,0.4331924319267273,0.42795589566230774,0.4313103258609772,225830912,0.0,0.0
2024-11-23 19:30:00+00:00,0.4308905303478241,0.4308905303478241,0.41744714975357056,0.42578423023223877,571705344,0.0,0.0
2024-11-23 21:00:00+00:00,0.42585813999176025,0.44212210178375244,0.42580828070640564,0.43735116720199585,380100608,0.0,0.0
2024-11-23 22:30:00+00:00,0.4373980164527893,0.4373980164527893,0.42864781618118286,0.4300709366798401,47370240,0.0,0.0
2024-11-24 00:00:00+00:00,0.4300723969936371,0.4475788176059723,0.4297860562801361,0.44416138529777527,374908928,0.0,0.0
2024-11-24 01:30:00+00:00,0.44397881627082825,0.45232996344566345,0.443791925907135,0.4475055932998657,270723072,0.0,0.0
2024-11-24 03:00:00+00:00,0.4472869634628296,0.4472869634628296,0.4378581941127777,0.43851399421691895,0,0.0,0.0
2024-11-24 04:30:00+00:00,0.4385432302951813,0.43915697932243347,0.431505411863327,0.43473944067955017,0,0.0,0.0
2024-11-24 06:00:00+00:00,0.4349895417690277,0.4401581287384033,0.4337851405143738,0.43848925828933716,0,0.0,0.0
2024-11-24 07:30:00+00:00,0.43803468346595764,0.43911013007164,0.4290268123149872,0.4292300045490265,20657152,0.0,0.0
2024-11-24 09:00:00+00:00,0.4290577173233032,0.4330070912837982,0.4267018735408783,0.43290215730667114,24129536,0.0,0.0
2024-11-24 10:30:00+00:00,0.43282854557037354,0.43282854557037354,0.4162274897098541,0.4162274897098541,66758656,0.0,0.0
2024-11-24 12:00:00+00:00,0.416116327047348,0.4206177294254303,0.40114104747772217,0.42055803537368774,1031549952,0.0,0.0
2024-11-24 13:30:00+00:00,0.4206821620464325,0.4206821620464325,0.40796464681625366,0.41396471858024597,202491904,0.0,0.0
2024-11-24 15:00:00+00:00,0.41363176703453064,0.41507381200790405,0.40184926986694336,0.41507381200790405,174505984,0.0,0.0
2024-11-24 16:30:00+00:00,0.41528937220573425,0.4183415174484253,0.4094652831554413,0.4117373526096344,0,0.0,0.0
2024-11-24 18:00:00+00:00,0.41134604811668396,0.42215272784233093,0.4113040566444397,0.41832399368286133,33534976,0.0,0.0
2024-11-24 19:30:00+00:00,0.417894184589386,0.42652222514152527,0.41780588030815125,0.42652222514152527,8586240,0.0,0.0
2024-11-24 21:00:00+00:00,0.4266819357872009,0.4301771819591522,0.4225735664367676,0.4272487163543701,0,0.0,0.0
2024-11-24 22:30:00+00:00,0.42730265855789185,0.4357551634311676,0.4251736104488373,0.4300679564476013,221726720,0.0,0.0
2024-11-25 00:00:00+00:00,0.4297696352005005,0.4297696352005005,0.4142840504646301,0.41477206349372864,31362048,0.0,0.0
2024-11-25 01:30:00+00:00,0.4148339629173279,0.42250892519950867,0.4148339629173279,0.41865867376327515,2232320,0.0,0.0
2024-11-25 03:00:00+00:00,0.41889142990112305,0.4268859028816223,0.41889142990112305,0.42377522587776184,6411264,0.0,0.0
2024-11-25 04:30:00+00:00,0.42390286922454834,0.4258451461791992,0.42099520564079285,0.42466986179351807,7816192,0.0,0.0
2024-11-25 06:00:00+00:00,0.4246814250946045,0.42803364992141724,0.423052579164505,0.4259991943836212,49413120,0.0,0.0
2024-11-25 07:30:00+00:00,0.425970196723938,0.43446433544158936,0.425970196723938,0.43256646394729614,216705024,0.0,0.0
2024-11-25 09:00:00+00:00,0.4326920211315155,0.4367089867591858,0.4281882643699646,0.428627610206604,153240576,0.0,0.0
2024-11-25 10:30:00+00:00,0.4286758601665497,0.4307117462158203,0.4246446490287781,0.425065815448761,81236992,0.0,0.0
2024-11-25 12:00:00+00:00,0.4250723123550415,0.4266844689846039,0.4160813093185425,0.4160813093185425,0,0.0,0.0
2024-11-25 13:30:00+00:00,0.4165405035018921,0.4189419150352478,0.4047427475452423,0.4058900773525238,137850880,0.0,0.0
2024-11-25 15:00:00+00:00,0.4056702256202698,0.42138832807540894,0.40129682421684265,0.4197480082511902,549832704,0.0,0.0
2024-11-25 16:30:00+00:00,0.41942113637924194,0.41942113637924194,0.399570107460022,0.4012156128883362,274637824,0.0,0.0
2024-11-25 18:00:00+00:00,0.4011914134025574,0.4045383036136627,0.3993223011493683,0.4021261930465698,119007232,0.0,0.0
2024-11-25 19:30:00+00:00,0.4039173722267151,0.40764319896698,0.40236788988113403,0.4030930995941162,117342208,0.0,0.0
2024-11-25 21:00:00+00:00,0.40335914492607117,0.4050237238407135,0.3911685645580292,0.3912397027015686,224780288,0.0,0.0
2024-11-25 22:30:00+00:00,0.3912232518196106,0.39571115374565125,0.3817310035228729,0.3935074508190155,283972608,0.0,0.0
2024-11-26 00:00:00+00:00,0.39328888058662415,0.404763400554657,0.39179953932762146,0.404763400554657,239261696,0.0,0.0
2024-11-26 01:30:00+00:00,0.4048652946949005,0.4081866443157196,0.4048652946949005,0.40800154209136963,58359808,0.0,0.0
2024-11-26 03:00:00+00:00,0.40733802318573,0.40733802318573,0.4030306041240692,0.4047943949699402,36877312,0.0,0.0
2024-11-26 04:30:00+00:00,0.40480732917785645,0.40737777948379517,0.40475019812583923,0.4072363078594208,52883456,0.0,0.0
2024-11-26 06:00:00+00:00,0.4072580635547638,0.40837228298187256,0.39921650290489197,0.40081673860549927,61807616,0.0,0.0
2024-11-26 07:30:00+00:00,0.40089499950408936,0.40153196454048157,0.38667234778404236,0.3871212601661682,195883008,0.0,0.0
2024-11-26 09:00:00+00:00,0.3873353600502014,0.392869234085083,0.3841090500354767,0.3848789930343628,128198656,0.0,0.0
2024-11-26 10:30:00+00:00,0.3849315345287323,0.3866797089576721,0.3675405979156494,0.3762562572956085,752248832,0.0,0.0
2024-11-26 12:00:00+00:00,0.37628960609436035,0.378692090511322,0.36916396021842957,0.3761994540691376,241415168,0.0,0.0
2024-11-26 13:30:00+00:00,0.3761679232120514,0.3864961862564087,0.37294530868530273,0.38543450832366943,367405056,0.0,0.0
2024-11-26 15:00:00+00:00,0.38513919711112976,0.3888675272464752,0.3790973424911499,0.3888675272464752,2528256,0.0,0.0
2024-11-26 16:30:00+00:00,0.3889060318470001,0.38977065682411194,0.3856567144393921,0.3873666226863861,31714304,0.0,0.0
2024-11-26 18:00:00+00:00,0.38720032572746277,0.38720032572746277,0.3715244233608246,0.37426143884658813,68902912,0.0,0.0
2024-11-26 19:30:00+00:00,0.3744167983531952,0.3866441547870636,0.37419238686561584,0.38616323471069336,105556992,0.0,0.0
2024-11-26 21:00:00+00:00,0.3858962059020996,0.3864630460739136,0.38183319568634033,0.38605576753616333,14187520,0.0,0.0
2024-11-26 22:30:00+00:00,0.3860228359699249,0.3876385986804962,0.3819645941257477,0.3876385986804962,18091008,0.0,0.0
2024-11-27 00:00:00+00:00,0.38753628730773926,0.391943097114563,0.38192692399024963,0.3868647515773773,53978624,0.0,0.0
2024-11-27 01:30:00+00:00,0.3868749737739563,0.39190253615379333,0.386673241853714,0.39124011993408203,109309952,0.0,0.0
2024-11-27 03:00:00+00:00,0.39115819334983826,0.3938818871974945,0.3860958218574524,0.39325177669525146,119474176,0.0,0.0
2024-11-27 04:30:00+00:00,0.3932015597820282,0.3932015597820282,0.38765549659729004,0.3885621428489685,127238144,0.0,0.0
2024-11-27 06:00:00+00:00,0.3885495662689209,0.3946562707424164,0.3885495662689209,0.3946562707424164,97375232,0.0,0.0
2024-11-27 07:30:00+00:00,0.39466357231140137,0.3984612822532654,0.3941129744052887,0.3941129744052887,60211200,0.0,0.0
2024-11-27 09:00:00+00:00,0.39422768354415894,0.39489495754241943,0.3898186683654785,0.39486101269721985,291840,0.0,0.0
2024-11-27 10:30:00+00:00,0.39478445053100586,0.39709290862083435,0.39007896184921265,0.3904282748699188,9623040,0.0,0.0
2024-11-27 12:00:00+00:00,0.39045846462249756,0.39349856972694397,0.3858918249607086,0.3918725848197937,1730048,0.0,0.0
2024-11-27 13:30:00+00:00,0.3918677270412445,0.3981681168079376,0.3918677270412445,0.39769983291625977,2456576,0.0,0.0
2024-11-27 15:00:00+00:00,0.3980782926082611,0.4036790728569031,0.3970794677734375,0.40137118101119995,202478080,0.0,0.0
2024-11-27 16:30:00+00:00,0.4013839364051819,0.4051171541213989,0.3982834815979004,0.40206196904182434,66462208,0.0,0.0
2024-11-27 18:00:00+00:00,0.40225082635879517,0.402701735496521,0.4009460508823395,0.40232452750205994,5016576,0.0,0.0
2024-11-27 19:30:00+00:00,0.40236765146255493,0.40793976187705994,0.40236765146255493,0.4030265212059021,44597760,0.0,0.0
2024-11-27 21:00:00+00:00,0.40326210856437683,0.40401652455329895,0.40091824531555176,0.40401652455329895,31238656,0.0,0.0
2024-11-27 22:30:00+00:00,0.40399467945098877,0.4059605300426483,0.40067556500434875,0.40149301290512085,91045376,0.0,0.0
2024-11-28 00:00:00+00:00,0.4015030562877655,0.4089263081550598,0.39834943413734436,0.40627917647361755,118708736,0.0,0.0
2024-11-28 01:30:00+00:00,0.4063376188278198,0.4271717667579651,0.40563586354255676,0.4150412678718567,673641472,0.0,0.0
2024-11-28 03:00:00+00:00,0.41524738073349,0.41524738073349,0.40465545654296875,0.4122738838195801,394678272,0.0,0.0
2024-11-28 04:30:00+00:00,0.4121460020542145,0.41268980503082275,0.4067220389842987,0.40786781907081604,21977088,0.0,0.0
2024-11-28 06:00:00+00:00,0.40772321820259094,0.40772321820259094,0.40349921584129333,0.40605127811431885,20995584,0.0,0.0
2024-11-28 07:30:00+00:00,0.4059874713420868,0.4059874713420868,0.4004248380661011,0.40544912219047546,24297984,0.0,0.0
2024-11-28 09:00:00+00:00,0.4054522216320038,0.40570148825645447,0.40123873949050903,0.4040103852748871,37539840,0.0,0.0
2024-11-28 10:30:00+00:00,0.4040376842021942,0.40477654337882996,0.39667972922325134,0.40209513902664185,124754432,0.0,0.0
2024-11-28 12:00:00+00:00,0.4021059274673462,0.4031045138835907,0.3986128568649292,0.40024322271347046,28079104,0.0,0.0
2024-11-28 13:30:00+00:00,0.40022411942481995,0.4039680063724518,0.39786872267723083,0.4011305868625641,30044672,0.0,0.0
2024-11-28 15:00:00+00:00,0.40089285373687744,0.40089285373687744,0.3924808204174042,0.39542680978775024,30663168,0.0,0.0
2024-11-28 16:30:00+00:00,0.3952900767326355,0.3984152376651764,0.3952900767326355,0.396962434053421,3597824,0.0,0.0
2024-11-28 18:00:00+00:00,0.39685410261154175,0.40038469433784485,0.39633435010910034,0.39885279536247253,9650688,0.0,0.0
2024-11-28 19:30:00+00:00,0.3988460898399353,0.39924487471580505,0.39663296937942505,0.3968237638473511,145920,0.0,0.0
2024-11-28 21:00:00+00:00,0.3968333899974823,0.4026377499103546,0.3968333899974823,0.4024212956428528,14361600,0.0,0.0
2024-11-28 22:30:00+00:00,0.40238940715789795,0.40382906794548035,0.4017623960971832,0.40205806493759155,8555520,0.0,0.0
2024-11-29 00:00:00+00:00,0.40199100971221924,0.40257829427719116,0.3999919295310974,0.40257829427719116,3717120,0.0,0.0
2024-11-29 01:30:00+00:00,0.4026140868663788,0.4075417220592499,0.4011748135089874,0.40732279419898987,0,0.0,0.0
2024-11-29 03:00:00+00:00,0.40738677978515625,0.4077681601047516,0.40488702058792114,0.4049520790576935,0,0.0,0.0
2024-11-29 04:30:00+00:00,0.4050586521625519,0.40671566128730774,0.40463653206825256,0.4051131308078766,9528320,0.0,0.0
2024-11-29 06:00:00+00:00,0.40502652525901794,0.40701571106910706,0.40363964438438416,0.40622973442077637,55853056,0.0,0.0
2024-11-29 07:30:00+00:00,0.40622448921203613,0.40622448921203613,0.4009099304676056,0.4053214490413666,42484736,0.0,0.0
2024-11-29 09:00:00+00:00,0.40527817606925964,0.412654310464859,0.4052157700061798,0.41142600774765015,180394240,0.0,0.0
2024-11-29 10:30:00+00:00,0.4114506244659424,0.4153413474559784,0.4112792909145355,0.4139143228530884,57111296,0.0,0.0
2024-11-29 12:00:00+00:00,0.41394415497779846,0.4153769314289093,0.4106369614601135,0.4110413193702698,113020416,0.0,0.0
2024-11-29 13:30:00+00:00,0.411089152097702,0.42132407426834106,0.411089152097702,0.419903963804245,412674048,0.0,0.0
2024-11-29 15:00:00+00:00,0.4200432002544403,0.4238011837005615,0.41692230105400085,0.41919824481010437,210358272,0.0,0.0
2024-11-29 16:30:00+00:00,0.4194948375225067,0.4245246946811676,0.41675901412963867,0.4214569628238678,453173760,0.0,0.0
2024-11-29 18:00:00+00:00,0.4212843179702759,0.4298127293586731,0.4211646318435669,0.42459744215011597,440705536,0.0,0.0
2024-11-29 19:30:00+00:00,0.42450833320617676,0.43688738346099854,0.42450833320617676,0.43273767828941345,576716288,0.0,0.0
2024-11-29 21:00:00+00:00,0.43264126777648926,0.43434107303619385,0.42762064933776855,0.42762064933776855,244569600,0.0,0.0
2024-11-29 22:30:00+00:00,0.4277610778808594,0.42952340841293335,0.42470017075538635,0.4258202612400055,138831872,0.0,0.0
2024-11-30 00:00:00+00:00,0.42636895179748535,0.42636895179748535,0.4181443452835083,0.42075014114379883,235996672,0.0,0.0
2024-11-30 01:30:00+00:00,0.4206875264644623,0.42122191190719604,0.41539961099624634,0.41667768359184265,116428288,0.0,0.0
2024-11-30 03:00:00+00:00,0.4167349636554718,0.4233396053314209,0.4167349636554718,0.42193445563316345,109388800,0.0,0.0
2024-11-30 04:30:00+00:00,0.421664297580719,0.4259386956691742,0.4210895001888275,0.4259386956691742,129514496,0.0,0.0
2024-11-30 06:00:00+00:00,0.42649829387664795,0.4317358136177063,0.42539331316947937,0.4271976947784424,487370752,0.0,0.0
2024-11-30 07:30:00+00:00,0.4272713363170624,0.43456271290779114,0.42617401480674744,0.4333299398422241,374971904,0.0,0.0
2024-11-30 09:00:00+00:00,0.43277835845947266,0.43277835845947266,0.42526718974113464,0.42529040575027466,104002560,0.0,0.0
2024-11-30 10:30:00+00:00,0.42558106780052185,0.42723754048347473,0.42049434781074524,0.423305869102478,164545536,0.0,0.0
2024-11-30 12:00:00+00:00,0.42274147272109985,0.4253997206687927,0.42157772183418274,0.4227975606918335,14515712,0.0,0.0
2024-11-30 13:30:00+00:00,0.42295143008232117,0.424209862947464,0.4199037253856659,0.4199037253856659,5906432,0.0,0.0
2024-11-30 15:00:00+00:00,0.418837308883667,0.4245968759059906,0.418837308883667,0.42435580492019653,0,0.0,0.0
2024-11-30 16:30:00+00:00,0.4242338538169861,0.42823827266693115,0.42379137873649597,0.42528656125068665,32693760,0.0,0.0
2024-11-30 18:00:00+00:00,0.42519208788871765,0.42607176303863525,0.4227612316608429,0.4236527383327484,0,0.0,0.0
2024-11-30 19:30:00+00:00,0.4234858453273773,0.42799997329711914,0.4231402277946472,0.42799997329711914,3103744,0.0,0.0
2024-11-30 21:00:00+00:00,0.4280318021774292,0.4295332729816437,0.42589107155799866,0.42609328031539917,0,0.0,0.0
2024-11-30 22:30:00+00:00,0.4263937473297119,0.4263937473297119,0.4211871922016144,0.4221157729625702,15292416,0.0,0.0
2024-12-01 00:00:00+00:00,0.4219086468219757,0.43442103266716003,0.42189422249794006,0.43013298511505127,641813504,0.0,0.0
2024-12-01 01:30:00+00:00,0.43001407384872437,0.43157705664634705,0.41790130734443665,0.4181444048881531,302584320,0.0,0.0
2024-12-01 03:00:00+00:00,0.41820070147514343,0.4296412169933319,0.41820070147514343,0.4268326461315155,158600704,0.0,0.0
2024-12-01 04:30:00+00:00,0.42757076025009155,0.43079909682273865,0.42677175998687744,0.42731109261512756,146699776,0.0,0.0
2024-12-01 06:00:00+00:00,0.4272705018520355,0.42825546860694885,0.42605289816856384,0.4276047646999359,57856,0.0,0.0
2024-12-01 07:30:00+00:00,0.42760300636291504,0.4308640658855438,0.42710408568382263,0.4293995201587677,718336,0.0,0.0
2024-12-01 09:00:00+00:00,0.4294087290763855,0.4294087290763855,0.42573675513267517,0.42622482776641846,2874368,0.0,0.0
2024-12-01 10:30:00+00:00,0.42606204748153687,0.42606204748153687,0.4215991795063019,0.42420411109924316,29545984,0.0,0.0
2024-12-01 12:00:00+00:00,0.4246681034564972,0.42546993494033813,0.4223535656929016,0.4250663220882416,8999424,0.0,0.0
2024-12-01 13:30:00+00:00,0.42491763830184937,0.42655429244041443,0.423674613237381,0.4257456064224243,87979520,0.0,0.0
2024-12-01 15:00:00+00:00,0.42574310302734375,0.4411892592906952,0.42563244700431824,0.43731051683425903,628355584,0.0,0.0
2024-12-01 16:30:00+00:00,0.4374599754810333,0.442791610956192,0.4308733344078064,0.43581169843673706,586359296,0.0,0.0
2024-12-01 18:00:00+00:00,0.4358319044113159,0.4383341073989868,0.4312008321285248,0.43150830268859863,195957248,0.0,0.0
2024-12-01 19:30:00+00:00,0.43167436122894287,0.4373551309108734,0.42764192819595337,0.4363199770450592,488761856,0.0,0.0
2024-12-01 21:00:00+00:00,0.43631085753440857,0.44878774881362915,0.43622130155563354,0.4423891305923462,713584128,0.0,0.0
2024-12-01 22:30:00+00:00,0.4423786699771881,0.4454907774925232,0.44004741311073303,0.44004741311073303,328578048,0.0,0.0
2024-12-02 00:00:00+00:00,0.44028913974761963,0.45085832476615906,0.4398927092552185,0.4479556977748871,425913344,0.0,0.0
2024-12-02 01:30:00+00:00,0.4490649700164795,0.4591560363769531,0.4490649700164795,0.45704740285873413,630567936,0.0,0.0
2024-12-02 03:00:00+00:00,0.4570562243461609,0.45927077531814575,0.4352407157421112,0.43901172280311584,874129408,0.0,0.0
2024-12-02 04:30:00+00:00,0.4391604959964752,0.4421350657939911,0.4375365376472473,0.43909773230552673,217315328,0.0,0.0
2024-12-02 06:00:00+00:00,0.43914228677749634,0.4394751191139221,0.4295155704021454,0.4295155704021454,318524416,0.0,0.0
2024-12-02 07:30:00+00:00,0.429993212223053,0.429993212223053,0.40651509165763855,0.4094095826148987,1012143104,0.0,0.0
2024-12-02 09:00:00+00:00,0.4093882441520691,0.4146140515804291,0.4093882441520691,0.41050755977630615,477409280,0.0,0.0
2024-12-02 10:30:00+00:00,0.4104559123516083,0.4109761118888855,0.4052913188934326,0.40952831506729126,362547200,0.0,0.0
2024-12-02 12:00:00+00:00,0.40929946303367615,0.4211638867855072,0.4086390733718872,0.42085251212120056,446595072,0.0,0.0
2024-12-02 13:30:00+00:00,0.4207492470741272,0.4247531592845917,0.41765308380126953,0.42135944962501526,387064832,0.0,0.0
2024-12-02 15:00:00+00:00,0.4229503273963928,0.4378710091114044,0.42136523127555847,0.4315283000469208,1009993728,0.0,0.0
2024-12-02 16:30:00+00:00,0.43097445368766785,0.431095153093338,0.4121212959289551,0.4121212959289551,231931904,0.0,0.0
2024-12-02 18:00:00+00:00,0.41126593947410583,0.42259302735328674,0.41126593947410583,0.42151135206222534,290776064,0.0,0.0
2024-12-02 19:30:00+00:00,0.4215225875377655,0.4263436198234558,0.4215225875377655,0.42266079783439636,49937408,0.0,0.0
2024-12-02 21:00:00+00:00,0.4229872226715088,0.42412519454956055,0.41921302676200867,0.42183002829551697,1925120,0.0,0.0
2024-12-02 22:30:00+00:00,0.4214038550853729,0.42464813590049744,0.419567346572876,0.42464813590049744,4957184,0.0,0.0
2024-12-03 00:00:00+00:00,0.42467212677001953,0.4279412627220154,0.41781240701675415,0.41781240701675415,12119040,0.0,0.0
2024-12-03 01:30:00+00:00,0.41784533858299255,0.4219566881656647,0.4156569242477417,0.421772301197052,0,0.0,0.0
2024-12-03 03:00:00+00:00,0.42172756791114807,0.42460060119628906,0.4215743839740753,0.4238817095756531,0,0.0,0.0
2024-12-03 04:30:00+00:00,0.42379996180534363,0.4239438772201538,0.42125841975212097,0.4225377142429352,0,0.0,0.0
2024-12-03 06:00:00+00:00,0.4225834310054779,0.42759305238723755,0.4140791893005371,0.41549554467201233,163351552,0.0,0.0
2024-12-03 07:30:00+00:00,0.4153251051902771,0.4190879762172699,0.41352134943008423,0.4184160530567169,5775360,0.0,0.0
2024-12-03 09:00:00+00:00,0.4184339940547943,0.4203222990036011,0.41546830534935,0.4190773367881775,15969280,0.0,0.0
2024-12-03 10:30:00+00:00,0.419094443321228,0.4199258089065552,0.41215217113494873,0.4182422459125519,48207872,0.0,0.0
2024-12-03 12:00:00+00:00,0.41828930377960205,0.41847243905067444,0.411812424659729,0.41207894682884216,6580224,0.0,0.0
2024-12-03 13:30:00+00:00,0.41211387515068054,0.41211387515068054,0.39169880747795105,0.4065687656402588,1769415168,0.0,0.0
2024-12-03 15:00:00+00:00,0.40664127469062805,0.41155242919921875,0.40411102771759033,0.40959203243255615,145764352,0.0,0.0
2024-12-03 16:30:00+00:00,0.40957772731781006,0.40957772731781006,0.4006904065608978,0.40733614563941956,0,0.0,0.0
2024-12-03 18:00:00+00:00,0.4073697328567505,0.4089284837245941,0.40307146310806274,0.40436384081840515,2152448,0.0,0.0
2024-12-03 19:30:00+00:00,0.4047864079475403,0.4125690460205078,0.4047864079475403,0.4125690460205078,22124544,0.0,0.0
2024-12-03 21:00:00+00:00,0.41250160336494446,0.4164574444293976,0.4105549454689026,0.41188326478004456,121312256,0.0,0.0
2024-12-03 22:30:00+00:00,0.41197529435157776,0.4122779369354248,0.4079209566116333,0.4079209566116333,179961856,0.0,0.0
2024-12-04 00:00:00+00:00,0.40770506858825684,0.4154141843318939,0.40770506858825684,0.41487568616867065,99233792,0.0,0.0
2024-12-04 01:30:00+00:00,0.4150553345680237,0.4184263348579407,0.41192445158958435,0.4129219949245453,272315392,0.0,0.0
2024-12-04 03:00:00+00:00,0.4129822552204132,0.4171276390552521,0.4129822552204132,0.41555771231651306,26866688,0.0,0.0
2024-12-04 04:30:00+00:00,0.41538205742836,0.4198041260242462,0.4150800108909607,0.4186236560344696,75461632,0.0,0.0
2024-12-04 06:00:00+00:00,0.41915637254714966,0.4221593141555786,0.41690561175346375,0.42165952920913696,40608768,0.0,0.0
2024-12-04 07:30:00+00:00,0.4215809404850006,0.4224114716053009,0.41943320631980896,0.419626384973526,60347392,0.0,0.0
2024-12-04 09:00:00+00:00,0.4197324216365814,0.42051857709884644,0.41689333319664,0.4182395040988922,15480832,0.0,0.0
2024-12-04 10:30:00+00:00,0.4182203710079193,0.41982755064964294,0.4165666103363037,0.41744890809059143,2484224,0.0,0.0
2024-12-04 12:00:00+00:00,0.4174124002456665,0.4174124002456665,0.410216748714447,0.41147977113723755,137317376,0.0,0.0
2024-12-04 13:30:00+00:00,0.4115155041217804,0.41694697737693787,0.4096139669418335,0.4139937460422516,0,0.0,0.0
2024-12-04 15:00:00+00:00,0.41375455260276794,0.41584348678588867,0.4058765769004822,0.40684524178504944,28224512,0.0,0.0
2024-12-04 16:30:00+00:00,0.40687641501426697,0.4083483815193176,0.40197136998176575,0.4083483815193176,136335360,0.0,0.0
2024-12-04 18:00:00+00:00,0.4083150327205658,0.41798150539398193,0.4083150327205658,0.41748708486557007,178754560,0.0,0.0
2024-12-04 19:30:00+00:00,0.41752398014068604,0.42395496368408203,0.41619956493377686,0.41965797543525696,357265408,0.0,0.0
2024-12-04 21:00:00+00:00,0.419861376285553,0.4353996217250824,0.419861376285553,0.4353996217250824,491590656,0.0,0.0
