Datetime,Open,High,Low,Close,Volume,Dividends,Stock Splits
2024-10-05 21:00:00+00:00,0.5299113988876343,0.5311585664749146,0.5293766856193542,0.5308822989463806,380032,0.0,0.0
2024-10-05 22:30:00+00:00,0.5308865904808044,0.5323003530502319,0.529245138168335,0.5294930338859558,732736,0.0,0.0
2024-10-06 00:00:00+00:00,0.5294963717460632,0.5321766138076782,0.5285195112228394,0.5321547389030457,592512,0.0,0.0
2024-10-06 01:30:00+00:00,0.5321964621543884,0.5326623320579529,0.5311216711997986,0.5313450694084167,603328,0.0,0.0
2024-10-06 03:00:00+00:00,0.5313220620155334,0.5315696597099304,0.5295649766921997,0.53069669008255,7848704,0.0,0.0
2024-10-06 04:30:00+00:00,0.5306826233863831,0.5306857824325562,0.5289621949195862,0.530565083026886,1586048,0.0,0.0
2024-10-06 06:00:00+00:00,0.5305415391921997,0.5321611166000366,0.5305415391921997,0.5312279462814331,1380544,0.0,0.0
2024-10-06 07:30:00+00:00,0.5312269330024719,0.5316743850708008,0.5302568078041077,0.5303393006324768,5958208,0.0,0.0
2024-10-06 09:00:00+00:00,0.5303469896316528,0.5311586856842041,0.5293494462966919,0.5293494462966919,3205824,0.0,0.0
2024-10-06 10:30:00+00:00,0.5293253064155579,0.5310544967651367,0.5289314985275269,0.530832052230835,5524224,0.0,0.0
2024-10-06 12:00:00+00:00,0.5308356881141663,0.5319815278053284,0.5304771065711975,0.531937837600708,8060800,0.0,0.0
2024-10-06 13:30:00+00:00,0.5319201350212097,0.5348246693611145,0.531588613986969,0.5348246693611145,18042112,0.0,0.0
2024-10-06 15:00:00+00:00,0.5348275899887085,0.5367056131362915,0.5333712697029114,0.5351275205612183,20962752,0.0,0.0
2024-10-06 16:30:00+00:00,0.5351620316505432,0.5358901619911194,0.5325402617454529,0.5327277183532715,10190784,0.0,0.0
2024-10-06 18:00:00+00:00,0.5327509045600891,0.5347967147827148,0.5322166085243225,0.5347967147827148,2377792,0.0,0.0
2024-10-06 19:30:00+00:00,0.5348313450813293,0.5349287986755371,0.531982958316803,0.5322434306144714,2542208,0.0,0.0
2024-10-06 21:00:00+00:00,0.532230794429779,0.5329859256744385,0.5305541753768921,0.5313133001327515,7713280,0.0,0.0
2024-10-06 22:30:00+00:00,0.5312995910644531,0.5342137813568115,0.5312995910644531,0.5335265398025513,9503488,0.0,0.0
2024-10-07 00:00:00+00:00,0.533603847026825,0.538969099521637,0.5332760810852051,0.537676215171814,49829504,0.0,0.0
2024-10-07 01:30:00+00:00,0.5376651883125305,0.5434459447860718,0.5376651883125305,0.5412053465843201,57213056,0.0,0.0
2024-10-07 03:00:00+00:00,0.5411683917045593,0.5421388745307922,0.5391278266906738,0.5419533252716064,24656448,0.0,0.0
2024-10-07 04:30:00+00:00,0.5418934226036072,0.5428639054298401,0.5402302742004395,0.5402302742004395,18148672,0.0,0.0
2024-10-07 06:00:00+00:00,0.5402003526687622,0.5421789884567261,0.5399887561798096,0.5412433743476868,48277376,0.0,0.0
2024-10-07 07:30:00+00:00,0.5413035750389099,0.5420161485671997,0.54034823179245,0.5408146381378174,13612096,0.0,0.0
2024-10-07 09:00:00+00:00,0.5407901406288147,0.5408535599708557,0.531983494758606,0.532020628452301,63563392,0.0,0.0
2024-10-07 10:30:00+00:00,0.5319761633872986,0.5359998941421509,0.5317520499229431,0.5359998941421509,42921088,0.0,0.0
2024-10-07 12:00:00+00:00,0.5360862016677856,0.5427224636077881,0.5360862016677856,0.5419508218765259,64940608,0.0,0.0
2024-10-07 13:30:00+00:00,0.5418874621391296,0.5441557765007019,0.5396382808685303,0.5417207479476929,68579776,0.0,0.0
2024-10-07 15:00:00+00:00,0.5415984392166138,0.5424058437347412,0.5390254855155945,0.5415007472038269,30085952,0.0,0.0
2024-10-07 16:30:00+00:00,0.5415270328521729,0.5453080534934998,0.5414881110191345,0.5432412028312683,36727168,0.0,0.0
2024-10-07 18:00:00+00:00,0.5432337522506714,0.5433589816093445,0.535507082939148,0.5387246608734131,40936576,0.0,0.0
2024-10-07 19:30:00+00:00,0.5387341976165771,0.5403205752372742,0.5359889268875122,0.5361012816429138,16445056,0.0,0.0
2024-10-07 21:00:00+00:00,0.5360089540481567,0.5387250185012817,0.5356155633926392,0.5379461050033569,13496192,0.0,0.0
2024-10-07 22:30:00+00:00,0.5379578471183777,0.538012683391571,0.5299725532531738,0.5299725532531738,49320704,0.0,0.0
2024-10-08 00:00:00+00:00,0.5299056768417358,0.5323898792266846,0.5292030572891235,0.5307797789573669,8467712,0.0,0.0
2024-10-08 01:30:00+00:00,0.5307644009590149,0.5329636335372925,0.5307644009590149,0.5326452255249023,1804672,0.0,0.0
2024-10-08 03:00:00+00:00,0.5327305197715759,0.5335928797721863,0.5321404337882996,0.5335928797721863,740352,0.0,0.0
2024-10-08 04:30:00+00:00,0.5336110591888428,0.534115195274353,0.5292401909828186,0.5300053954124451,14956032,0.0,0.0
2024-10-08 06:00:00+00:00,0.5300108194351196,0.5303738713264465,0.5255223512649536,0.5256345868110657,30666624,0.0,0.0
2024-10-08 07:30:00+00:00,0.5258422493934631,0.5292459726333618,0.5258422493934631,0.5291803479194641,25523712,0.0,0.0
2024-10-08 09:00:00+00:00,0.5292203426361084,0.5306047797203064,0.5280444622039795,0.5306047797203064,777600,0.0,0.0
2024-10-08 10:30:00+00:00,0.5306261777877808,0.5312738418579102,0.530311107635498,0.5312738418579102,6114048,0.0,0.0
2024-10-08 12:00:00+00:00,0.5312654972076416,0.5312654972076416,0.5271005034446716,0.5280608534812927,281472,0.0,0.0
2024-10-08 13:30:00+00:00,0.5280396938323975,0.5315352082252502,0.5273696184158325,0.5292239189147949,0,0.0,0.0
2024-10-08 15:00:00+00:00,0.5290919542312622,0.5290919542312622,0.5223068594932556,0.5253815650939941,18153600,0.0,0.0
2024-10-08 16:30:00+00:00,0.5254705548286438,0.5294544696807861,0.5254705548286438,0.5291439294815063,6201664,0.0,0.0
2024-10-08 18:00:00+00:00,0.5291478633880615,0.5301707983016968,0.5269225835800171,0.5284194350242615,898688,0.0,0.0
2024-10-08 19:30:00+00:00,0.5285129547119141,0.5331050157546997,0.5285129547119141,0.5305180549621582,31961216,0.0,0.0
2024-10-08 21:00:00+00:00,0.530540943145752,0.5325502157211304,0.5305077433586121,0.5305077433586121,12665600,0.0,0.0
2024-10-08 22:30:00+00:00,0.5304892063140869,0.5308523178100586,0.5290274620056152,0.5308523178100586,765824,0.0,0.0
2024-10-09 00:00:00+00:00,0.5308356285095215,0.5327966809272766,0.529974639415741,0.5327966809272766,25424384,0.0,0.0
2024-10-09 01:30:00+00:00,0.5330551862716675,0.5340269207954407,0.5326088666915894,0.5326088666915894,11524608,0.0,0.0
2024-10-09 03:00:00+00:00,0.532496452331543,0.5331202149391174,0.5312628149986267,0.5328997373580933,6558528,0.0,0.0
2024-10-09 04:30:00+00:00,0.5330850481987,0.5339024066925049,0.5325689315795898,0.5330957770347595,1223040,0.0,0.0
2024-10-09 06:00:00+00:00,0.5328863263130188,0.5328863263130188,0.5292540788650513,0.5301563143730164,1221312,0.0,0.0
2024-10-09 07:30:00+00:00,0.5301675796508789,0.5318501591682434,0.5292685627937317,0.5294590592384338,4533056,0.0,0.0
2024-10-09 09:00:00+00:00,0.5294467210769653,0.5332568287849426,0.5290409326553345,0.5315730571746826,15967488,0.0,0.0
2024-10-09 10:30:00+00:00,0.531592071056366,0.5328335165977478,0.5314945578575134,0.5323087573051453,6889280,0.0,0.0
2024-10-09 12:00:00+00:00,0.5322216749191284,0.5322285294532776,0.5280137658119202,0.5292851328849792,16223232,0.0,0.0
2024-10-09 13:30:00+00:00,0.5292487144470215,0.5298513770103455,0.5266284346580505,0.5269632935523987,11368064,0.0,0.0
2024-10-09 15:00:00+00:00,0.5270220637321472,0.5316826105117798,0.5270220637321472,0.5308000445365906,11847104,0.0,0.0
2024-10-09 16:30:00+00:00,0.5306967496871948,0.5331162214279175,0.530694305896759,0.5320124626159668,6713664,0.0,0.0
2024-10-09 18:00:00+00:00,0.5319679975509644,0.5319679975509644,0.5287471413612366,0.5288181900978088,9884608,0.0,0.0
2024-10-09 19:30:00+00:00,0.5288481116294861,0.5297330617904663,0.5232910513877869,0.5232910513877869,27472256,0.0,0.0
2024-10-09 21:00:00+00:00,0.5232612490653992,0.526475727558136,0.5218642354011536,0.5246937870979309,13431360,0.0,0.0
2024-10-09 22:30:00+00:00,0.5249629616737366,0.5260117650032043,0.5241135954856873,0.5244643688201904,10802048,0.0,0.0
2024-10-10 00:00:00+00:00,0.5242928266525269,0.5250088572502136,0.5228608250617981,0.5247809886932373,6285888,0.0,0.0
2024-10-10 01:30:00+00:00,0.524797797203064,0.5278064608573914,0.524797797203064,0.5273103713989258,6315264,0.0,0.0
2024-10-10 03:00:00+00:00,0.527366042137146,0.5282800793647766,0.5270118117332458,0.527439534664154,6279808,0.0,0.0
2024-10-10 04:30:00+00:00,0.5274376273155212,0.5278908610343933,0.5255247354507446,0.5270642638206482,9420288,0.0,0.0
2024-10-10 06:00:00+00:00,0.5272259712219238,0.5276036262512207,0.52581787109375,0.5260680317878723,6712512,0.0,0.0
2024-10-10 07:30:00+00:00,0.5258554816246033,0.5268825888633728,0.5249847173690796,0.5252691507339478,15524736,0.0,0.0
2024-10-10 09:00:00+00:00,0.5258865356445312,0.5264579057693481,0.5238760709762573,0.526054322719574,6038592,0.0,0.0
2024-10-10 10:30:00+00:00,0.5261262059211731,0.5280146598815918,0.5261262059211731,0.5280146598815918,16131328,0.0,0.0
2024-10-10 12:00:00+00:00,0.5288112759590149,0.5411993265151978,0.5277218818664551,0.5367469787597656,185493312,0.0,0.0
2024-10-10 13:30:00+00:00,0.5373705625534058,0.5396341681480408,0.5323561429977417,0.5335479378700256,100148800,0.0,0.0
2024-10-10 15:00:00+00:00,0.5326114892959595,0.5388322472572327,0.5325655937194824,0.5384646058082581,59189760,0.0,0.0
2024-10-10 16:30:00+00:00,0.5384646058082581,0.5387737154960632,0.5301554203033447,0.5301554203033447,38073600,0.0,0.0
2024-10-10 18:00:00+00:00,0.5304656624794006,0.5304656624794006,0.525153398513794,0.5269884467124939,51545472,0.0,0.0
2024-10-10 19:30:00+00:00,0.5272570848464966,0.5297222137451172,0.5252788662910461,0.5297222137451172,17605120,0.0,0.0
2024-10-10 21:00:00+00:00,0.5297839045524597,0.5299860835075378,0.5275977253913879,0.5281402468681335,5398912,0.0,0.0
2024-10-10 22:30:00+00:00,0.5281065702438354,0.5299842357635498,0.5281065702438354,0.5299842357635498,7240320,0.0,0.0
2024-10-11 00:00:00+00:00,0.5299856662750244,0.5347590446472168,0.5296162366867065,0.5342785120010376,21983232,0.0,0.0
2024-10-11 01:30:00+00:00,0.5341413617134094,0.534691572189331,0.5330730080604553,0.5342673659324646,12935680,0.0,0.0
2024-10-11 03:00:00+00:00,0.5342503786087036,0.5356385111808777,0.5342503786087036,0.5343494415283203,8321536,0.0,0.0
2024-10-11 04:30:00+00:00,0.5341441035270691,0.5341441035270691,0.5329780578613281,0.5337836146354675,7137920,0.0,0.0
2024-10-11 06:00:00+00:00,0.53379225730896,0.5367528200149536,0.53379225730896,0.5364152789115906,14251136,0.0,0.0
2024-10-11 07:30:00+00:00,0.5364435911178589,0.5397521257400513,0.5364435911178589,0.5378322601318359,23974400,0.0,0.0
2024-10-11 09:00:00+00:00,0.5378339290618896,0.5400510430335999,0.5377799272537231,0.5383391380310059,25988480,0.0,0.0
2024-10-11 10:30:00+00:00,0.5383500456809998,0.5385387539863586,0.5352098941802979,0.5357158780097961,20369024,0.0,0.0
2024-10-11 12:00:00+00:00,0.5356749296188354,0.5364416241645813,0.5345078110694885,0.5346704721450806,2313856,0.0,0.0
2024-10-11 13:30:00+00:00,0.5348707437515259,0.5372408628463745,0.5348707437515259,0.5365635752677917,1893248,0.0,0.0
2024-10-11 15:00:00+00:00,0.5364894866943359,0.5381264686584473,0.5363655686378479,0.5367501974105835,10389952,0.0,0.0
2024-10-11 16:30:00+00:00,0.5368474721908569,0.5399572253227234,0.5368474721908569,0.5399572253227234,4528256,0.0,0.0
2024-10-11 18:00:00+00:00,0.5400992035865784,0.5415111780166626,0.538580060005188,0.5412390828132629,4420288,0.0,0.0
2024-10-11 19:30:00+00:00,0.5412073731422424,0.541441023349762,0.5402728319168091,0.5413288474082947,732224,0.0,0.0
2024-10-11 21:00:00+00:00,0.5413517951965332,0.5415525436401367,0.5402804613113403,0.5409016609191895,4539840,0.0,0.0
2024-10-11 22:30:00+00:00,0.5408501029014587,0.5412178635597229,0.5381737947463989,0.5382384061813354,3619200,0.0,0.0
2024-10-12 00:00:00+00:00,0.5383388996124268,0.5389664769172668,0.5379652380943298,0.5384416580200195,0,0.0,0.0
2024-10-12 01:30:00+00:00,0.5384356379508972,0.5390874743461609,0.536787748336792,0.536787748336792,1535616,0.0,0.0
2024-10-12 03:00:00+00:00,0.5367737412452698,0.5370429754257202,0.5357782244682312,0.5367907881736755,4113344,0.0,0.0
2024-10-12 04:30:00+00:00,0.5368099808692932,0.5375707149505615,0.5368099808692932,0.5374343395233154,3035648,0.0,0.0
2024-10-12 06:00:00+00:00,0.537440836429596,0.5383703112602234,0.537440836429596,0.5378339290618896,808256,0.0,0.0
2024-10-12 07:30:00+00:00,0.5378230214118958,0.5389878749847412,0.5375576615333557,0.5388504862785339,2349888,0.0,0.0
2024-10-12 09:00:00+00:00,0.5388559699058533,0.5398600697517395,0.5381996631622314,0.539394736289978,706176,0.0,0.0
2024-10-12 10:30:00+00:00,0.5394471287727356,0.5414068698883057,0.5393102169036865,0.5394958257675171,592640,0.0,0.0
2024-10-12 12:00:00+00:00,0.5394840240478516,0.5419069528579712,0.539033830165863,0.5407006144523621,2338496,0.0,0.0
2024-10-12 13:30:00+00:00,0.5407159924507141,0.5421752333641052,0.5407159924507141,0.5417137145996094,1245440,0.0,0.0
2024-10-12 15:00:00+00:00,0.5416600704193115,0.5424581170082092,0.5405259132385254,0.5408027768135071,3203968,0.0,0.0
2024-10-12 16:30:00+00:00,0.5407912731170654,0.5407912731170654,0.538152813911438,0.5388070940971375,3790656,0.0,0.0
2024-10-12 18:00:00+00:00,0.5387523174285889,0.5395564436912537,0.5375786423683167,0.5379464030265808,3423360,0.0,0.0
2024-10-12 19:30:00+00:00,0.5379515290260315,0.538165271282196,0.5375258326530457,0.5378938317298889,2638336,0.0,0.0
2024-10-12 21:00:00+00:00,0.5378915071487427,0.5396516919136047,0.5378915071487427,0.5394949316978455,2789312,0.0,0.0
2024-10-12 22:30:00+00:00,0.5394864082336426,0.5398003458976746,0.539096474647522,0.539559006690979,2436800,0.0,0.0
2024-10-13 00:00:00+00:00,0.5394941568374634,0.5394941568374634,0.5364294052124023,0.5368058085441589,5324992,0.0,0.0
2024-10-13 01:30:00+00:00,0.5367850661277771,0.5369712710380554,0.5359090566635132,0.5361117124557495,6692800,0.0,0.0
2024-10-13 03:00:00+00:00,0.536128580570221,0.5369901657104492,0.5356126427650452,0.5369901657104492,2902336,0.0,0.0
2024-10-13 04:30:00+00:00,0.5369851589202881,0.537311315536499,0.5363518595695496,0.5367090106010437,2701568,0.0,0.0
2024-10-13 06:00:00+00:00,0.5366713404655457,0.5373690128326416,0.5364235043525696,0.5364513397216797,3782144,0.0,0.0
2024-10-13 07:30:00+00:00,0.5364145636558533,0.537017822265625,0.5346888899803162,0.534699022769928,13614400,0.0,0.0
2024-10-13 09:00:00+00:00,0.5346939563751221,0.5353555083274841,0.5330114960670471,0.5335425734519958,15268800,0.0,0.0
2024-10-13 10:30:00+00:00,0.5335123538970947,0.5338110327720642,0.5316364765167236,0.5316694378852844,8308544,0.0,0.0
2024-10-13 12:00:00+00:00,0.5316365957260132,0.5330044627189636,0.5314041972160339,0.5328168272972107,5290816,0.0,0.0
2024-10-13 13:30:00+00:00,0.5328299403190613,0.5329793691635132,0.5285363793373108,0.5285778045654297,19604096,0.0,0.0
2024-10-13 15:00:00+00:00,0.5285751819610596,0.5293650031089783,0.5258026719093323,0.5287961363792419,17427520,0.0,0.0
2024-10-13 16:30:00+00:00,0.5288419127464294,0.5303357243537903,0.5280172228813171,0.5280172228813171,4852928,0.0,0.0
2024-10-13 18:00:00+00:00,0.5280067324638367,0.5280067324638367,0.5257061719894409,0.5267153382301331,10529344,0.0,0.0
2024-10-13 19:30:00+00:00,0.5267207026481628,0.5276857018470764,0.5266035199165344,0.5276814699172974,5233344,0.0,0.0
2024-10-13 21:00:00+00:00,0.5278081297874451,0.5304272174835205,0.5278081297874451,0.5295602083206177,62698048,0.0,0.0
2024-10-13 22:30:00+00:00,0.5295025110244751,0.5315510034561157,0.528746485710144,0.5315196514129639,23034880,0.0,0.0
2024-10-14 00:00:00+00:00,0.5315186381340027,0.5317068099975586,0.5289011001586914,0.5305453538894653,6478848,0.0,0.0
2024-10-14 01:30:00+00:00,0.5306192636489868,0.5309080481529236,0.5284173488616943,0.5298547744750977,10275456,0.0,0.0
2024-10-14 03:00:00+00:00,0.5298373103141785,0.5387000441551208,0.5298373103141785,0.5369600057601929,78781504,0.0,0.0
2024-10-14 04:30:00+00:00,0.5369284152984619,0.5388322472572327,0.5360226035118103,0.5367326140403748,29687232,0.0,0.0
2024-10-14 06:00:00+00:00,0.5367351770401001,0.5375210046768188,0.5360187888145447,0.5364732146263123,31635200,0.0,0.0
2024-10-14 07:30:00+00:00,0.5364750027656555,0.5387990474700928,0.5364750027656555,0.5372716188430786,48167296,0.0,0.0
2024-10-14 09:00:00+00:00,0.5373313426971436,0.5407407283782959,0.537104070186615,0.5406662225723267,36909632,0.0,0.0
2024-10-14 10:30:00+00:00,0.5404438376426697,0.5404438376426697,0.5383067727088928,0.5383067727088928,22011328,0.0,0.0
2024-10-14 12:00:00+00:00,0.5382994413375854,0.5391173958778381,0.5379638671875,0.5383704900741577,19619776,0.0,0.0
2024-10-14 13:30:00+00:00,0.5383187532424927,0.5443669557571411,0.5379316806793213,0.5430740714073181,54193472,0.0,0.0
2024-10-14 15:00:00+00:00,0.5429925322532654,0.5509923696517944,0.5425539612770081,0.5463548302650452,93493312,0.0,0.0
2024-10-14 16:30:00+00:00,0.5463473796844482,0.5484427809715271,0.5446959733963013,0.5458894968032837,29690496,0.0,0.0
2024-10-14 18:00:00+00:00,0.5457776784896851,0.548432469367981,0.5455197095870972,0.5471131801605225,13477248,0.0,0.0
2024-10-14 19:30:00+00:00,0.5470773577690125,0.5476837754249573,0.5467143058776855,0.5471654534339905,14527360,0.0,0.0
2024-10-14 21:00:00+00:00,0.5470088124275208,0.547252357006073,0.5446006059646606,0.5472358465194702,15045888,0.0,0.0
2024-10-14 22:30:00+00:00,0.5473880171775818,0.5487174391746521,0.5471882224082947,0.548019528388977,17468032,0.0,0.0
2024-10-15 00:00:00+00:00,0.5480416417121887,0.5507918000221252,0.5468944907188416,0.5507237911224365,40274304,0.0,0.0
2024-10-15 01:30:00+00:00,0.5506139397621155,0.5544871091842651,0.5503147840499878,0.5513675212860107,46517504,0.0,0.0
2024-10-15 03:00:00+00:00,0.5513257384300232,0.5513257384300232,0.546252965927124,0.5483853220939636,760320,0.0,0.0
2024-10-15 04:30:00+00:00,0.548381507396698,0.5495274066925049,0.5429579615592957,0.5436763167381287,19951360,0.0,0.0
2024-10-15 06:00:00+00:00,0.5436419248580933,0.5471703410148621,0.5430840253829956,0.5461100339889526,19994240,0.0,0.0
2024-10-15 07:30:00+00:00,0.5461088418960571,0.5463528633117676,0.5447324514389038,0.5450353026390076,20680704,0.0,0.0
2024-10-15 09:00:00+00:00,0.5450512766838074,0.54639732837677,0.5438398718833923,0.5447500944137573,9738368,0.0,0.0
2024-10-15 10:30:00+00:00,0.5448359847068787,0.54498291015625,0.5352787375450134,0.5352787375450134,52546816,0.0,0.0
2024-10-15 12:00:00+00:00,0.5353406667709351,0.5414496064186096,0.5353406667709351,0.5398480296134949,38354048,0.0,0.0
2024-10-15 13:30:00+00:00,0.5398188829421997,0.5474950075149536,0.5377070307731628,0.5400418639183044,100635136,0.0,0.0
2024-10-15 15:00:00+00:00,0.5399488806724548,0.5423126220703125,0.5327767729759216,0.5423126220703125,28518912,0.0,0.0
2024-10-15 16:30:00+00:00,0.5423997044563293,0.544911801815033,0.5412633419036865,0.5433344841003418,22081536,0.0,0.0
2024-10-15 18:00:00+00:00,0.5433282256126404,0.5451809763908386,0.5420607924461365,0.5420607924461365,9155968,0.0,0.0
2024-10-15 19:30:00+00:00,0.542068362236023,0.5438071489334106,0.5379843711853027,0.5384596586227417,21409664,0.0,0.0
2024-10-15 21:00:00+00:00,0.5384479761123657,0.5402644872665405,0.5375638604164124,0.5402502417564392,7023360,0.0,0.0
2024-10-15 22:30:00+00:00,0.5402815341949463,0.541467010974884,0.5392560362815857,0.541467010974884,4141568,0.0,0.0
2024-10-16 00:00:00+00:00,0.5414549112319946,0.5426415205001831,0.539720356464386,0.5426210165023804,12511232,0.0,0.0
2024-10-16 01:30:00+00:00,0.5426060557365417,0.544449508190155,0.5410466194152832,0.544449508190155,7196928,0.0,0.0
2024-10-16 03:00:00+00:00,0.5444417595863342,0.5445376634597778,0.5427238941192627,0.5427238941192627,2769024,0.0,0.0
2024-10-16 04:30:00+00:00,0.542681097984314,0.5428176522254944,0.5403375625610352,0.5423386096954346,4752128,0.0,0.0
2024-10-16 06:00:00+00:00,0.5423858165740967,0.5432793498039246,0.5379700064659119,0.538820743560791,20643072,0.0,0.0
2024-10-16 07:30:00+00:00,0.5387740731239319,0.5404485464096069,0.5382205247879028,0.5404485464096069,13277696,0.0,0.0
2024-10-16 09:00:00+00:00,0.5403971672058105,0.5445606708526611,0.5403651595115662,0.5443013310432434,11204352,0.0,0.0
2024-10-16 10:30:00+00:00,0.5442810654640198,0.5451683402061462,0.5424611568450928,0.5443251729011536,7371136,0.0,0.0
2024-10-16 12:00:00+00:00,0.5443107485771179,0.5449918508529663,0.5435614585876465,0.5446707606315613,4356224,0.0,0.0
2024-10-16 13:30:00+00:00,0.5446392297744751,0.5509560108184814,0.5446392297744751,0.5475375056266785,46897664,0.0,0.0
2024-10-16 15:00:00+00:00,0.547579288482666,0.550084114074707,0.5465260744094849,0.5487223863601685,8561600,0.0,0.0
2024-10-16 16:30:00+00:00,0.5487934350967407,0.5495492815971375,0.5470584630966187,0.5476198196411133,6513792,0.0,0.0
2024-10-16 18:00:00+00:00,0.5476201176643372,0.5499203205108643,0.547528862953186,0.5499197244644165,6035904,0.0,0.0
2024-10-16 19:30:00+00:00,0.5499675869941711,0.5531062483787537,0.5499675869941711,0.5508495569229126,18991232,0.0,0.0
2024-10-16 21:00:00+00:00,0.5507702231407166,0.5507702231407166,0.5489184856414795,0.5489428639411926,14709888,0.0,0.0
2024-10-16 22:30:00+00:00,0.548883318901062,0.5502098798751831,0.548136830329895,0.548206627368927,9575424,0.0,0.0
2024-10-17 00:00:00+00:00,0.5480519533157349,0.5496828556060791,0.5475584268569946,0.5475584268569946,7760896,0.0,0.0
2024-10-17 01:30:00+00:00,0.5475462675094604,0.5485709309577942,0.5461935997009277,0.546583354473114,17528832,0.0,0.0
2024-10-17 03:00:00+00:00,0.5465897917747498,0.5512670874595642,0.5465897917747498,0.5512670874595642,10178432,0.0,0.0
2024-10-17 04:30:00+00:00,0.5513336062431335,0.5639301538467407,0.5513336062431335,0.5569112300872803,223892864,0.0,0.0
2024-10-17 06:00:00+00:00,0.5569363236427307,0.5612173676490784,0.5539518594741821,0.5549182891845703,56383232,0.0,0.0
2024-10-17 07:30:00+00:00,0.554818868637085,0.5555997490882874,0.5519301295280457,0.5534852743148804,30766464,0.0,0.0
2024-10-17 09:00:00+00:00,0.5535032749176025,0.5578718781471252,0.5534976720809937,0.5575690269470215,35383936,0.0,0.0
2024-10-17 10:30:00+00:00,0.5575430989265442,0.5579231977462769,0.5518498420715332,0.5524184107780457,49092096,0.0,0.0
2024-10-17 12:00:00+00:00,0.552423357963562,0.5564398169517517,0.5522422194480896,0.554106593132019,23388288,0.0,0.0
2024-10-17 13:30:00+00:00,0.5540998578071594,0.5540998578071594,0.5484507083892822,0.5519739389419556,7084032,0.0,0.0
2024-10-17 15:00:00+00:00,0.5519502758979797,0.5537382960319519,0.5514381527900696,0.552809476852417,6809856,0.0,0.0
2024-10-17 16:30:00+00:00,0.5528024435043335,0.5531201362609863,0.5494164228439331,0.5506057739257812,14485504,0.0,0.0
2024-10-17 18:00:00+00:00,0.5505924820899963,0.5506508946418762,0.5428594350814819,0.5437788963317871,60709888,0.0,0.0
2024-10-17 19:30:00+00:00,0.5437764525413513,0.5475754141807556,0.543770968914032,0.5466874837875366,3277952,0.0,0.0
2024-10-17 21:00:00+00:00,0.5466541051864624,0.5469204187393188,0.5453237891197205,0.546185314655304,2707584,0.0,0.0
2024-10-17 22:30:00+00:00,0.5461576581001282,0.5462892651557922,0.5435135364532471,0.5436409115791321,14076416,0.0,0.0
2024-10-18 00:00:00+00:00,0.5436916351318359,0.545610249042511,0.5405094623565674,0.5429794788360596,31702016,0.0,0.0
2024-10-18 01:30:00+00:00,0.5431479215621948,0.5462081432342529,0.5428564548492432,0.5449981093406677,29615488,0.0,0.0
2024-10-18 03:00:00+00:00,0.5450237989425659,0.546207845211029,0.5430809855461121,0.5433997511863708,8599680,0.0,0.0
2024-10-18 04:30:00+00:00,0.5433912873268127,0.5451837182044983,0.5423848032951355,0.5451837182044983,0,0.0,0.0
2024-10-18 06:00:00+00:00,0.5451657176017761,0.5514985918998718,0.5451657176017761,0.5512499213218689,11706368,0.0,0.0
2024-10-18 07:30:00+00:00,0.5514059662818909,0.5517937541007996,0.5495321154594421,0.5505844354629517,4558592,0.0,0.0
2024-10-18 09:00:00+00:00,0.5506462454795837,0.5523645281791687,0.5482301115989685,0.5497171878814697,1325184,0.0,0.0
2024-10-18 10:30:00+00:00,0.5496646761894226,0.5502210855484009,0.5467012524604797,0.5467012524604797,3238656,0.0,0.0
2024-10-18 12:00:00+00:00,0.5466280579566956,0.5470572710037231,0.5433263778686523,0.5433263778686523,12695040,0.0,0.0
2024-10-18 13:30:00+00:00,0.5433284044265747,0.5461549162864685,0.5429626703262329,0.54613196849823,14573056,0.0,0.0
2024-10-18 15:00:00+00:00,0.5461521148681641,0.5467931032180786,0.5437425971031189,0.5449475646018982,16592128,0.0,0.0
2024-10-18 16:30:00+00:00,0.5449463129043579,0.5477946400642395,0.5445364713668823,0.5465376377105713,15266176,0.0,0.0
2024-10-18 18:00:00+00:00,0.5465126037597656,0.5485171675682068,0.5456056594848633,0.5477694272994995,4280832,0.0,0.0
2024-10-18 19:30:00+00:00,0.5477451086044312,0.5477451086044312,0.5452131032943726,0.5452131032943726,6073024,0.0,0.0
2024-10-18 21:00:00+00:00,0.5452090501785278,0.5464216470718384,0.5451026558876038,0.5461705327033997,4696832,0.0,0.0
2024-10-18 22:30:00+00:00,0.5461650490760803,0.5465468168258667,0.5452399849891663,0.5465468168258667,2604736,0.0,0.0
2024-10-19 00:00:00+00:00,0.5465454459190369,0.5466751456260681,0.5456321835517883,0.5463593006134033,244352,0.0,0.0
2024-10-19 01:30:00+00:00,0.5463823676109314,0.5489292740821838,0.5461497902870178,0.5488252639770508,11089280,0.0,0.0
2024-10-19 03:00:00+00:00,0.5488272309303284,0.5495002865791321,0.5469937920570374,0.5469937920570374,2578688,0.0,0.0
2024-10-19 04:30:00+00:00,0.5471290349960327,0.5474656224250793,0.5463979840278625,0.5470132231712341,5617344,0.0,0.0
2024-10-19 06:00:00+00:00,0.5470099449157715,0.5475817322731018,0.5463998317718506,0.5473430156707764,564928,0.0,0.0
2024-10-19 07:30:00+00:00,0.5472066402435303,0.5474344491958618,0.5458349585533142,0.5467959642410278,627264,0.0,0.0
2024-10-19 09:00:00+00:00,0.5467984676361084,0.5471222400665283,0.545941948890686,0.5459989905357361,0,0.0,0.0
2024-10-19 10:30:00+00:00,0.5459204316139221,0.5460214018821716,0.5433270931243896,0.5433270931243896,571968,0.0,0.0
2024-10-19 12:00:00+00:00,0.5433640480041504,0.545329749584198,0.5433639883995056,0.5452616214752197,390144,0.0,0.0
2024-10-19 13:30:00+00:00,0.5453146696090698,0.5453272461891174,0.5440035462379456,0.5451487898826599,0,0.0,0.0
2024-10-19 15:00:00+00:00,0.5451607704162598,0.5452987551689148,0.5437491536140442,0.5438703298568726,0,0.0,0.0
2024-10-19 16:30:00+00:00,0.5437202453613281,0.5440765619277954,0.5410928726196289,0.5413051843643188,4388416,0.0,0.0
2024-10-19 18:00:00+00:00,0.5413152575492859,0.5427441596984863,0.5411681532859802,0.5427441596984863,4470144,0.0,0.0
2024-10-19 19:30:00+00:00,0.5427456498146057,0.5435258150100708,0.5414674282073975,0.5431260466575623,3451904,0.0,0.0
2024-10-19 21:00:00+00:00,0.5431047081947327,0.5434470176696777,0.5419149994850159,0.542975664138794,2755200,0.0,0.0
2024-10-19 22:30:00+00:00,0.5429785251617432,0.5443843007087708,0.5429785251617432,0.5442715287208557,4804352,0.0,0.0
2024-10-20 00:00:00+00:00,0.5442323684692383,0.5443100333213806,0.5429677367210388,0.5434142351150513,1332608,0.0,0.0
2024-10-20 01:30:00+00:00,0.5434533357620239,0.5434533357620239,0.5426512360572815,0.5428767800331116,760384,0.0,0.0
2024-10-20 03:00:00+00:00,0.5428704023361206,0.5429573655128479,0.5418371558189392,0.5429573655128479,1753472,0.0,0.0
2024-10-20 04:30:00+00:00,0.5431978106498718,0.5432802438735962,0.541611909866333,0.5416248440742493,4909312,0.0,0.0
2024-10-20 06:00:00+00:00,0.5415947437286377,0.5424473285675049,0.5409983992576599,0.5417304039001465,6022912,0.0,0.0
2024-10-20 07:30:00+00:00,0.5417101979255676,0.5419440865516663,0.5391294956207275,0.5391294956207275,21013696,0.0,0.0
2024-10-20 09:00:00+00:00,0.5390833020210266,0.5400667786598206,0.5376908183097839,0.5399346351623535,29036480,0.0,0.0
2024-10-20 10:30:00+00:00,0.5399250984191895,0.5408417582511902,0.5394293069839478,0.5408417582511902,2471296,0.0,0.0
2024-10-20 12:00:00+00:00,0.540848970413208,0.5412649512290955,0.537930965423584,0.5383335947990417,15197696,0.0,0.0
2024-10-20 13:30:00+00:00,0.5383407473564148,0.543994128704071,0.5383407473564148,0.5436773896217346,40785472,0.0,0.0
2024-10-20 15:00:00+00:00,0.5437043905258179,0.5445151329040527,0.5418541431427002,0.5443404912948608,17305920,0.0,0.0
2024-10-20 16:30:00+00:00,0.5443598031997681,0.5445407032966614,0.5423141121864319,0.5434052348136902,3696896,0.0,0.0
2024-10-20 18:00:00+00:00,0.5434080958366394,0.5449031591415405,0.5433292388916016,0.543402373790741,6150656,0.0,0.0
2024-10-20 19:30:00+00:00,0.5433709025382996,0.5447719097137451,0.5424432158470154,0.5447689890861511,8195712,0.0,0.0
2024-10-20 21:00:00+00:00,0.5445825457572937,0.5458900332450867,0.543790340423584,0.5455397963523865,28094144,0.0,0.0
2024-10-20 22:30:00+00:00,0.5459861755371094,0.5479620099067688,0.5459146499633789,0.5476492047309875,37448256,0.0,0.0
2024-10-21 00:00:00+00:00,0.5478740930557251,0.5497483015060425,0.5473595261573792,0.5486999750137329,38919488,0.0,0.0
2024-10-21 01:30:00+00:00,0.5488242506980896,0.5492020845413208,0.5460346341133118,0.5460346341133118,31176064,0.0,0.0
2024-10-21 03:00:00+00:00,0.5459907650947571,0.5475590825080872,0.5456949472427368,0.5463545322418213,17167040,0.0,0.0
2024-10-21 04:30:00+00:00,0.5463387966156006,0.5488937497138977,0.5463387966156006,0.5476961135864258,24748736,0.0,0.0
2024-10-21 06:00:00+00:00,0.547646701335907,0.5531451106071472,0.5473013520240784,0.5487565994262695,133635712,0.0,0.0
2024-10-21 07:30:00+00:00,0.5490581393241882,0.5534588694572449,0.5473797917366028,0.5534588694572449,81732160,0.0,0.0
2024-10-21 09:00:00+00:00,0.5535222887992859,0.5574471354484558,0.5516215562820435,0.5570774674415588,99106496,0.0,0.0
2024-10-21 10:30:00+00:00,0.5570197701454163,0.5594310760498047,0.5527365803718567,0.553238570690155,102214016,0.0,0.0
2024-10-21 12:00:00+00:00,0.5532311201095581,0.5544561743736267,0.5478222370147705,0.5484254956245422,46943104,0.0,0.0
2024-10-21 13:30:00+00:00,0.5483976006507874,0.5486934185028076,0.543267548084259,0.5466752648353577,51325568,0.0,0.0
2024-10-21 15:00:00+00:00,0.5465092658996582,0.5465092658996582,0.5417869687080383,0.5417869687080383,28383616,0.0,0.0
2024-10-21 16:30:00+00:00,0.5418483018875122,0.5474621057510376,0.541630208492279,0.5473138093948364,27285504,0.0,0.0
2024-10-21 18:00:00+00:00,0.5472975373268127,0.547442615032196,0.5451092720031738,0.5456870198249817,11490176,0.0,0.0
2024-10-21 19:30:00+00:00,0.5456935167312622,0.5476224422454834,0.5455539226531982,0.546742856502533,12960640,0.0,0.0
2024-10-21 21:00:00+00:00,0.5467382669448853,0.5475304126739502,0.5459233522415161,0.5475248694419861,2761472,0.0,0.0
2024-10-21 22:30:00+00:00,0.5475143790245056,0.5475143790245056,0.5444517731666565,0.5448728203773499,1751552,0.0,0.0
2024-10-22 00:00:00+00:00,0.5448695421218872,0.5458991527557373,0.5406950116157532,0.5443728566169739,29661568,0.0,0.0
2024-10-22 01:30:00+00:00,0.5443902611732483,0.5451689958572388,0.5425563454627991,0.5425563454627991,3195520,0.0,0.0
2024-10-22 03:00:00+00:00,0.5425514578819275,0.544353723526001,0.5424269437789917,0.544353723526001,12330240,0.0,0.0
2024-10-22 04:30:00+00:00,0.5443711280822754,0.5445328950881958,0.5431174039840698,0.5437660217285156,3241088,0.0,0.0
2024-10-22 06:00:00+00:00,0.5437682271003723,0.5470541715621948,0.5437682271003723,0.547026515007019,4310656,0.0,0.0
2024-10-22 07:30:00+00:00,0.5470311641693115,0.5487252473831177,0.5410616397857666,0.5410616397857666,24443904,0.0,0.0
2024-10-22 09:00:00+00:00,0.5409860014915466,0.5409860014915466,0.5319856405258179,0.5351325273513794,54874368,0.0,0.0
2024-10-22 10:30:00+00:00,0.5351025462150574,0.5361986756324768,0.5333174467086792,0.5338339805603027,14946944,0.0,0.0
2024-10-22 12:00:00+00:00,0.5338564515113831,0.5344555377960205,0.5315845012664795,0.5332858562469482,15575040,0.0,0.0
2024-10-22 13:30:00+00:00,0.533278226852417,0.5347684025764465,0.530449628829956,0.5347684025764465,13706240,0.0,0.0
2024-10-22 15:00:00+00:00,0.5347524285316467,0.535090446472168,0.5317010283470154,0.5317010283470154,3923456,0.0,0.0
2024-10-22 16:30:00+00:00,0.5316387414932251,0.533359169960022,0.5306663513183594,0.533359169960022,12083072,0.0,0.0
2024-10-22 18:00:00+00:00,0.5333773493766785,0.5347165465354919,0.5326325297355652,0.5339592099189758,7771904,0.0,0.0
2024-10-22 19:30:00+00:00,0.5339836478233337,0.5342307090759277,0.5330663323402405,0.5332274436950684,3591936,0.0,0.0
2024-10-22 21:00:00+00:00,0.5332304835319519,0.534469723701477,0.5322475433349609,0.5344661474227905,6882816,0.0,0.0
2024-10-22 22:30:00+00:00,0.534501850605011,0.5355633497238159,0.5333653688430786,0.5333653688430786,45202816,0.0,0.0
2024-10-23 00:00:00+00:00,0.5333980321884155,0.5334951877593994,0.5315917134284973,0.5327841639518738,8990464,0.0,0.0
2024-10-23 01:30:00+00:00,0.5327736735343933,0.5330027341842651,0.5317173600196838,0.5319022536277771,7438336,0.0,0.0
2024-10-23 03:00:00+00:00,0.5318372249603271,0.5325953364372253,0.5302637219429016,0.5307602286338806,5835776,0.0,0.0
2024-10-23 04:30:00+00:00,0.5307771563529968,0.5314541459083557,0.5289746522903442,0.5298576951026917,20663424,0.0,0.0
2024-10-23 06:00:00+00:00,0.5298410654067993,0.5312818288803101,0.5281842350959778,0.5282682180404663,13957248,0.0,0.0
2024-10-23 07:30:00+00:00,0.5282590389251709,0.5283921957015991,0.5242434740066528,0.5242434740066528,6829696,0.0,0.0
2024-10-23 09:00:00+00:00,0.52426677942276,0.5265316367149353,0.523068368434906,0.5265316367149353,294144,0.0,0.0
2024-10-23 10:30:00+00:00,0.5265696048736572,0.5272442698478699,0.5253808498382568,0.5262302160263062,9241536,0.0,0.0
2024-10-23 12:00:00+00:00,0.5262465476989746,0.526806652545929,0.5255456566810608,0.5265012383460999,6831936,0.0,0.0
2024-10-23 13:30:00+00:00,0.5265248417854309,0.5282957553863525,0.5262523889541626,0.5267074108123779,965952,0.0,0.0
2024-10-23 15:00:00+00:00,0.5266844034194946,0.5267042517662048,0.5214498043060303,0.5214498043060303,13685184,0.0,0.0
2024-10-23 16:30:00+00:00,0.5214609503746033,0.5223633050918579,0.5167372226715088,0.5189446210861206,57787008,0.0,0.0
2024-10-23 18:00:00+00:00,0.5187805891036987,0.5187805891036987,0.5128284692764282,0.518388569355011,63072064,0.0,0.0
2024-10-23 19:30:00+00:00,0.5183951258659363,0.5236029624938965,0.5183951258659363,0.5236029624938965,20663424,0.0,0.0
2024-10-23 21:00:00+00:00,0.5235850811004639,0.5240619778633118,0.5227386355400085,0.5233758091926575,5163520,0.0,0.0
2024-10-23 22:30:00+00:00,0.5233527421951294,0.5260521769523621,0.5232251286506653,0.5256396532058716,7148480,0.0,0.0
2024-10-24 00:00:00+00:00,0.525618851184845,0.5293136239051819,0.5252742171287537,0.5279057621955872,21413248,0.0,0.0
2024-10-24 01:30:00+00:00,0.5278738737106323,0.5285345315933228,0.5266591906547546,0.5285345315933228,17758400,0.0,0.0
2024-10-24 03:00:00+00:00,0.5285031199455261,0.5294883251190186,0.5281993746757507,0.5294673442840576,15792896,0.0,0.0
2024-10-24 04:30:00+00:00,0.5294632911682129,0.531048059463501,0.5294248461723328,0.530393660068512,6690624,0.0,0.0
2024-10-24 06:00:00+00:00,0.5303866863250732,0.5315287709236145,0.530264675617218,0.5305624008178711,20474048,0.0,0.0
2024-10-24 07:30:00+00:00,0.5305890440940857,0.5305890440940857,0.5260410308837891,0.5260410308837891,1938048,0.0,0.0
2024-10-24 09:00:00+00:00,0.5260664224624634,0.5286621451377869,0.5246056318283081,0.5274507403373718,41676672,0.0,0.0
2024-10-24 10:30:00+00:00,0.52740079164505,0.5278326869010925,0.5256558656692505,0.5277789831161499,16880256,0.0,0.0
2024-10-24 12:00:00+00:00,0.5277618765830994,0.5303754210472107,0.5275552272796631,0.5303754210472107,18231936,0.0,0.0
2024-10-24 13:30:00+00:00,0.5302490592002869,0.5305405855178833,0.5286195874214172,0.5291803479194641,29905024,0.0,0.0
2024-10-24 15:00:00+00:00,0.5292456150054932,0.5300107598304749,0.528157114982605,0.5292523503303528,5558336,0.0,0.0
2024-10-24 16:30:00+00:00,0.5292679071426392,0.5318124294281006,0.5291320085525513,0.5315164923667908,0,0.0,0.0
2024-10-24 18:00:00+00:00,0.5315059423446655,0.5320468544960022,0.5309745073318481,0.5316068530082703,0,0.0,0.0
2024-10-24 19:30:00+00:00,0.5317465662956238,0.5323604345321655,0.5313738584518433,0.5319103598594666,4993920,0.0,0.0
2024-10-24 21:00:00+00:00,0.5318894386291504,0.5332857370376587,0.5314203500747681,0.5326370596885681,9285952,0.0,0.0
2024-10-24 22:30:00+00:00,0.5326383113861084,0.5326383113861084,0.5309813618659973,0.5317488312721252,1679360,0.0,0.0
2024-10-25 00:00:00+00:00,0.5317531228065491,0.5317531228065491,0.5300496816635132,0.5306293964385986,809280,0.0,0.0
2024-10-25 01:30:00+00:00,0.5306891202926636,0.5310156941413879,0.5283955931663513,0.528890073299408,6202432,0.0,0.0
2024-10-25 03:00:00+00:00,0.5289003849029541,0.5297190546989441,0.526580810546875,0.526629626750946,4530560,0.0,0.0
2024-10-25 04:30:00+00:00,0.525936484336853,0.5265284776687622,0.5247301459312439,0.5251770615577698,13637120,0.0,0.0
2024-10-25 06:00:00+00:00,0.525156557559967,0.5253603458404541,0.5211540460586548,0.5211540460586548,20196800,0.0,0.0
2024-10-25 07:30:00+00:00,0.5211200714111328,0.5244200229644775,0.5208141207695007,0.5244200229644775,25264704,0.0,0.0
2024-10-25 09:00:00+00:00,0.5245559215545654,0.525843620300293,0.5245559215545654,0.5256224870681763,1128832,0.0,0.0
2024-10-25 10:30:00+00:00,0.5256695747375488,0.5268339514732361,0.5252009630203247,0.5263465642929077,7396224,0.0,0.0
2024-10-25 12:00:00+00:00,0.5263341665267944,0.5266131162643433,0.5244354605674744,0.5244354605674744,7045760,0.0,0.0
2024-10-25 13:30:00+00:00,0.5243619680404663,0.526950478553772,0.5234013199806213,0.5253987312316895,15674944,0.0,0.0
2024-10-25 15:00:00+00:00,0.5253719687461853,0.5259506106376648,0.5206448435783386,0.5226684212684631,23309888,0.0,0.0
2024-10-25 16:30:00+00:00,0.5223459601402283,0.5225428938865662,0.5166314840316772,0.5166314840316772,33583744,0.0,0.0
2024-10-25 18:00:00+00:00,0.5168077945709229,0.5184754133224487,0.5122461915016174,0.513507604598999,117749312,0.0,0.0
2024-10-25 19:30:00+00:00,0.5132202506065369,0.515286386013031,0.5126122236251831,0.5146104097366333,33832640,0.0,0.0
2024-10-25 21:00:00+00:00,0.5144876837730408,0.5170791745185852,0.5144638419151306,0.5155838131904602,9743168,0.0,0.0
2024-10-25 22:30:00+00:00,0.5154067277908325,0.515715479850769,0.49360156059265137,0.5018962025642395,342895360,0.0,0.0
2024-10-26 00:00:00+00:00,0.501846432685852,0.5078677535057068,0.49972081184387207,0.5078677535057068,98224640,0.0,0.0
2024-10-26 01:30:00+00:00,0.5078737139701843,0.5091784000396729,0.5056552290916443,0.5081870555877686,18927872,0.0,0.0
2024-10-26 03:00:00+00:00,0.5081721544265747,0.5118975639343262,0.5079466104507446,0.5117177963256836,11905152,0.0,0.0
2024-10-26 04:30:00+00:00,0.5116925239562988,0.5141036510467529,0.5113829374313354,0.5126755237579346,7617536,0.0,0.0
2024-10-26 06:00:00+00:00,0.5126720070838928,0.5137592554092407,0.5123230814933777,0.5137231349945068,1333632,0.0,0.0
2024-10-26 07:30:00+00:00,0.5135091543197632,0.5144047141075134,0.5133877992630005,0.5135203003883362,881408,0.0,0.0
2024-10-26 09:00:00+00:00,0.5134998559951782,0.5142137408256531,0.5130676627159119,0.5140403509140015,0,0.0,0.0
2024-10-26 10:30:00+00:00,0.5140703916549683,0.5142092108726501,0.5131637454032898,0.5140459537506104,2062720,0.0,0.0
2024-10-26 12:00:00+00:00,0.5140414834022522,0.5141770839691162,0.5128834843635559,0.5131127238273621,0,0.0,0.0
2024-10-26 13:30:00+00:00,0.5130712389945984,0.5131281614303589,0.507408618927002,0.507408618927002,7546240,0.0,0.0
2024-10-26 15:00:00+00:00,0.5072712898254395,0.5103243589401245,0.5065306425094604,0.5103243589401245,13600512,0.0,0.0
2024-10-26 16:30:00+00:00,0.5104466676712036,0.5115447044372559,0.5099735260009766,0.5113245844841003,407552,0.0,0.0
2024-10-26 18:00:00+00:00,0.5113123059272766,0.5124607086181641,0.5113123059272766,0.5121915936470032,0,0.0,0.0
2024-10-26 19:30:00+00:00,0.5122587084770203,0.5140926837921143,0.5122587084770203,0.5124751925468445,1330432,0.0,0.0
2024-10-26 21:00:00+00:00,0.5124551057815552,0.5128978490829468,0.511806845664978,0.5122682452201843,621440,0.0,0.0
2024-10-26 22:30:00+00:00,0.5122462511062622,0.5127787590026855,0.5116099715232849,0.5127638578414917,578944,0.0,0.0
2024-10-27 00:00:00+00:00,0.512769341468811,0.5127719044685364,0.5118561387062073,0.512335479259491,0,0.0,0.0
2024-10-27 01:30:00+00:00,0.5124275088310242,0.5142524838447571,0.5124275088310242,0.5139291882514954,530176,0.0,0.0
2024-10-27 03:00:00+00:00,0.5138099193572998,0.5156917572021484,0.5135313868522644,0.5151719450950623,3387968,0.0,0.0
2024-10-27 04:30:00+00:00,0.5151790380477905,0.5151790380477905,0.5142533183097839,0.5144694447517395,2332736,0.0,0.0
2024-10-27 06:00:00+00:00,0.5144411325454712,0.5144861340522766,0.5140165686607361,0.5144633650779724,1058784,0.0,0.0
2024-10-27 07:30:00+00:00,0.5144596099853516,0.5147769451141357,0.5124534964561462,0.5124626755714417,11888352,0.0,0.0
2024-10-27 09:00:00+00:00,0.5124657154083252,0.5124657154083252,0.5112237334251404,0.5118990540504456,8179776,0.0,0.0
2024-10-27 10:30:00+00:00,0.511885941028595,0.511885941028595,0.5106675028800964,0.5115004181861877,7657664,0.0,0.0
2024-10-27 12:00:00+00:00,0.5115086436271667,0.5148552060127258,0.5115086436271667,0.5148552060127258,11700320,0.0,0.0
2024-10-27 13:30:00+00:00,0.5147253274917603,0.5150339603424072,0.513866662979126,0.5149816870689392,2666688,0.0,0.0
2024-10-27 15:00:00+00:00,0.5148746967315674,0.5169381499290466,0.5147969126701355,0.5158998370170593,1594720,0.0,0.0
2024-10-27 16:30:00+00:00,0.5157166719436646,0.5163080096244812,0.5149389505386353,0.515496551990509,9154976,0.0,0.0
2024-10-27 18:00:00+00:00,0.5154528021812439,0.5154528021812439,0.5131962895393372,0.5133079290390015,7561664,0.0,0.0
2024-10-27 19:30:00+00:00,0.5137782692909241,0.5147952437400818,0.5134516358375549,0.5135788917541504,5648384,0.0,0.0
2024-10-27 21:00:00+00:00,0.513359546661377,0.5165019631385803,0.5132041573524475,0.5160719156265259,15710528,0.0,0.0
2024-10-27 22:30:00+00:00,0.5162769556045532,0.5171359181404114,0.516019880771637,0.5163784027099609,7524352,0.0,0.0
2024-10-28 00:00:00+00:00,0.5163390636444092,0.5166833996772766,0.5140968561172485,0.5140968561172485,14402688,0.0,0.0
2024-10-28 01:30:00+00:00,0.5141441226005554,0.5145936012268066,0.513721764087677,0.5141728520393372,10439104,0.0,0.0
2024-10-28 03:00:00+00:00,0.5140718221664429,0.5145304203033447,0.512472927570343,0.512550413608551,14240128,0.0,0.0
2024-10-28 04:30:00+00:00,0.5124589800834656,0.5131174325942993,0.5114056468009949,0.5131174325942993,14990592,0.0,0.0
2024-10-28 06:00:00+00:00,0.5131375193595886,0.517711877822876,0.5128687024116516,0.517104983329773,29857024,0.0,0.0
2024-10-28 07:30:00+00:00,0.5170819163322449,0.5170819163322449,0.5157950520515442,0.5167455673217773,26345984,0.0,0.0
2024-10-28 09:00:00+00:00,0.5167357921600342,0.5188664197921753,0.5165043473243713,0.51799076795578,20385984,0.0,0.0
2024-10-28 10:30:00+00:00,0.5180109739303589,0.5201489925384521,0.5175155401229858,0.5193641185760498,51644736,0.0,0.0
2024-10-28 12:00:00+00:00,0.519354522228241,0.5208109617233276,0.5191169381141663,0.5199331045150757,18807808,0.0,0.0
2024-10-28 13:30:00+00:00,0.5199304819107056,0.5199304819107056,0.516376256942749,0.5169886946678162,41225856,0.0,0.0
2024-10-28 15:00:00+00:00,0.5169261693954468,0.5169261693954468,0.5133364200592041,0.5144739151000977,18851200,0.0,0.0
2024-10-28 16:30:00+00:00,0.5145142674446106,0.5156887173652649,0.5126102566719055,0.5135217308998108,23042368,0.0,0.0
2024-10-28 18:00:00+00:00,0.5134099721908569,0.5180697441101074,0.5129226446151733,0.5180697441101074,29898240,0.0,0.0
2024-10-28 19:30:00+00:00,0.5180920958518982,0.5186817049980164,0.5170356035232544,0.5181190967559814,18278784,0.0,0.0
2024-10-28 21:00:00+00:00,0.5181601047515869,0.5202524662017822,0.5164127945899963,0.5197713375091553,25456064,0.0,0.0
2024-10-28 22:30:00+00:00,0.5197299122810364,0.5199935436248779,0.5186436176300049,0.5192325115203857,14539648,0.0,0.0
2024-10-29 00:00:00+00:00,0.5192170143127441,0.5202474594116211,0.5184788107872009,0.5192311406135559,18409728,0.0,0.0
2024-10-29 01:30:00+00:00,0.5192781686782837,0.525462806224823,0.5190898776054382,0.523307204246521,71096192,0.0,0.0
2024-10-29 03:00:00+00:00,0.5232584476470947,0.5241637825965881,0.5225799083709717,0.5232951045036316,20933952,0.0,0.0
2024-10-29 04:30:00+00:00,0.5233114361763,0.523681640625,0.5227628946304321,0.5228242874145508,14456768,0.0,0.0
2024-10-29 06:00:00+00:00,0.5228126049041748,0.5260047912597656,0.5228006839752197,0.5260047912597656,22039616,0.0,0.0
2024-10-29 07:30:00+00:00,0.5261918902397156,0.5273300409317017,0.5236974358558655,0.5237222909927368,36905024,0.0,0.0
2024-10-29 09:00:00+00:00,0.5236825942993164,0.5236825942993164,0.5229067802429199,0.5234902501106262,4834560,0.0,0.0
2024-10-29 10:30:00+00:00,0.5234588384628296,0.5259633660316467,0.5233055949211121,0.5253292322158813,9320768,0.0,0.0
2024-10-29 12:00:00+00:00,0.5253833532333374,0.5254901647567749,0.523855447769165,0.5244474411010742,14481664,0.0,0.0
2024-10-29 13:30:00+00:00,0.5244285464286804,0.5270050168037415,0.5239502787590027,0.5254824757575989,20571200,0.0,0.0
2024-10-29 15:00:00+00:00,0.5254876017570496,0.5272119045257568,0.5239556431770325,0.5272119045257568,42521152,0.0,0.0
2024-10-29 16:30:00+00:00,0.5272234082221985,0.5300290584564209,0.5272234082221985,0.5288809537887573,28097792,0.0,0.0
2024-10-29 18:00:00+00:00,0.5288236141204834,0.530273973941803,0.5280250906944275,0.5280555486679077,19848704,0.0,0.0
2024-10-29 19:30:00+00:00,0.5278423428535461,0.5278423428535461,0.5220692157745361,0.5244085788726807,36406784,0.0,0.0
2024-10-29 21:00:00+00:00,0.5244221091270447,0.5276503562927246,0.5242461562156677,0.5276503562927246,1402368,0.0,0.0
2024-10-29 22:30:00+00:00,0.5276710391044617,0.5283509492874146,0.5272722244262695,0.5278719663619995,3122176,0.0,0.0
2024-10-30 00:00:00+00:00,0.5279260873794556,0.5280367136001587,0.5232661962509155,0.5242835879325867,19597888,0.0,0.0
2024-10-30 01:30:00+00:00,0.5243053436279297,0.5253309011459351,0.5243053436279297,0.5246686935424805,4487552,0.0,0.0
2024-10-30 03:00:00+00:00,0.5246647596359253,0.5258851051330566,0.5246647596359253,0.5256127715110779,6558336,0.0,0.0
2024-10-30 04:30:00+00:00,0.525635302066803,0.5256937742233276,0.524202823638916,0.5245987772941589,9612416,0.0,0.0
2024-10-30 06:00:00+00:00,0.5246142745018005,0.5259991884231567,0.5230894684791565,0.5230894684791565,8783808,0.0,0.0
2024-10-30 07:30:00+00:00,0.5231123566627502,0.5246439576148987,0.5223188400268555,0.5223188400268555,3107712,0.0,0.0
2024-10-30 09:00:00+00:00,0.5223159193992615,0.5250723361968994,0.5219154357910156,0.5243208408355713,17810816,0.0,0.0
2024-10-30 10:30:00+00:00,0.5243415236473083,0.5244593024253845,0.5206129550933838,0.5206129550933838,8749120,0.0,0.0
2024-10-30 12:00:00+00:00,0.5206176042556763,0.5215632319450378,0.5200421810150146,0.5211606621742249,13732416,0.0,0.0
2024-10-30 13:30:00+00:00,0.5211519002914429,0.5252231955528259,0.5196169018745422,0.5248258709907532,23064512,0.0,0.0
2024-10-30 15:00:00+00:00,0.5250377655029297,0.525443971157074,0.5211462378501892,0.5222375988960266,11723648,0.0,0.0
2024-10-30 16:30:00+00:00,0.5222340226173401,0.5232855081558228,0.5218057632446289,0.5229783654212952,2983424,0.0,0.0
2024-10-30 18:00:00+00:00,0.5230393409729004,0.5238680839538574,0.5227965116500854,0.5228161811828613,1413696,0.0,0.0
2024-10-30 19:30:00+00:00,0.5228462815284729,0.5247507691383362,0.5214278101921082,0.5245788097381592,6106624,0.0,0.0
2024-10-30 21:00:00+00:00,0.5246419310569763,0.5250324606895447,0.5229562520980835,0.5242013931274414,4897856,0.0,0.0
2024-10-30 22:30:00+00:00,0.5242056250572205,0.5242748260498047,0.5229748487472534,0.5229748487472534,1782528,0.0,0.0
2024-10-31 00:00:00+00:00,0.5229526162147522,0.5233368873596191,0.5217139720916748,0.5220228433609009,2154624,0.0,0.0
2024-10-31 01:30:00+00:00,0.5220176577568054,0.5221951007843018,0.5205212235450745,0.5221003293991089,8683328,0.0,0.0
2024-10-31 03:00:00+00:00,0.5221326947212219,0.5223348736763,0.5211793184280396,0.5211793184280396,1547264,0.0,0.0
2024-10-31 04:30:00+00:00,0.5211610198020935,0.521605908870697,0.5201359987258911,0.5204771757125854,11472192,0.0,0.0
2024-10-31 06:00:00+00:00,0.5205110907554626,0.5205116271972656,0.5170948505401611,0.5182101726531982,11272128,0.0,0.0
2024-10-31 07:30:00+00:00,0.5182371139526367,0.518598735332489,0.5157479643821716,0.5175440907478333,34464256,0.0,0.0
2024-10-31 09:00:00+00:00,0.5175641775131226,0.5195114016532898,0.5175641775131226,0.5183181762695312,7512768,0.0,0.0
2024-10-31 10:30:00+00:00,0.5183192491531372,0.5205068588256836,0.5182833671569824,0.5185811519622803,13586432,0.0,0.0
2024-10-31 12:00:00+00:00,0.5185750722885132,0.5192193984985352,0.5180389285087585,0.5180389285087585,10070016,0.0,0.0
2024-10-31 13:30:00+00:00,0.517876923084259,0.517876923084259,0.5095266699790955,0.5098510980606079,48184000,0.0,0.0
2024-10-31 15:00:00+00:00,0.5098564624786377,0.5117711424827576,0.508370578289032,0.5083712339401245,8661632,0.0,0.0
2024-10-31 16:30:00+00:00,0.5084241628646851,0.5109698176383972,0.5071402788162231,0.5080495476722717,60796160,0.0,0.0
2024-10-31 18:00:00+00:00,0.5080989003181458,0.5081127882003784,0.5039212107658386,0.5069576501846313,37816256,0.0,0.0
2024-10-31 19:30:00+00:00,0.5073416233062744,0.5082050561904907,0.5059602856636047,0.5071755051612854,11587840,0.0,0.0
2024-10-31 21:00:00+00:00,0.5073164701461792,0.5099611878395081,0.5073164701461792,0.5085136890411377,7933504,0.0,0.0
2024-10-31 22:30:00+00:00,0.5085267424583435,0.510422945022583,0.5085267424583435,0.5092849731445312,9388224,0.0,0.0
2024-11-01 00:00:00+00:00,0.5094463229179382,0.5113124847412109,0.5094463229179382,0.5097300410270691,15556480,0.0,0.0
2024-11-01 01:30:00+00:00,0.5097208023071289,0.5103389024734497,0.5048832893371582,0.5103389024734497,62072320,0.0,0.0
2024-11-01 03:00:00+00:00,0.51027911901474,0.520365834236145,0.5100724697113037,0.5169474482536316,78383616,0.0,0.0
2024-11-01 04:30:00+00:00,0.5168653726577759,0.5171384215354919,0.5134422183036804,0.5137686729431152,27478528,0.0,0.0
2024-11-01 06:00:00+00:00,0.5138117074966431,0.5151657462120056,0.5103999376296997,0.5129019021987915,10935424,0.0,0.0
2024-11-01 07:30:00+00:00,0.5130220651626587,0.5181826949119568,0.511388897895813,0.5179617404937744,29590272,0.0,0.0
2024-11-01 09:00:00+00:00,0.5182356238365173,0.5233299732208252,0.517687201499939,0.5192223787307739,60756992,0.0,0.0
2024-11-01 10:30:00+00:00,0.5192093849182129,0.5193979740142822,0.517841637134552,0.5185965299606323,33060736,0.0,0.0
2024-11-01 12:00:00+00:00,0.5185697674751282,0.5190281271934509,0.5168259143829346,0.5168916583061218,14805248,0.0,0.0
2024-11-01 13:30:00+00:00,0.5168859958648682,0.5195843577384949,0.5166984796524048,0.5195183753967285,8313088,0.0,0.0
2024-11-01 15:00:00+00:00,0.5196052193641663,0.5230021476745605,0.5144631862640381,0.5195488333702087,90545664,0.0,0.0
2024-11-01 16:30:00+00:00,0.519845724105835,0.5209135413169861,0.5158355832099915,0.5162913799285889,14635392,0.0,0.0
2024-11-01 18:00:00+00:00,0.5162614583969116,0.5163980722427368,0.5131555199623108,0.514981746673584,3813760,0.0,0.0
2024-11-01 19:30:00+00:00,0.514997124671936,0.5164913535118103,0.5148062109947205,0.5152760148048401,3534336,0.0,0.0
2024-11-01 21:00:00+00:00,0.5152226090431213,0.5152226090431213,0.509381115436554,0.5107936263084412,18216320,0.0,0.0
2024-11-01 22:30:00+00:00,0.5103899240493774,0.5131455659866333,0.510193943977356,0.512859582901001,11572480,0.0,0.0
2024-11-02 00:00:00+00:00,0.5128863453865051,0.5152978897094727,0.5128515958786011,0.5149104595184326,2159872,0.0,0.0
2024-11-02 01:30:00+00:00,0.5148273706436157,0.5157448053359985,0.5144734978675842,0.5151113271713257,0,0.0,0.0
2024-11-02 03:00:00+00:00,0.5150819420814514,0.5153078436851501,0.5145926475524902,0.5146402716636658,1536,0.0,0.0
2024-11-02 04:30:00+00:00,0.5146222710609436,0.5146222710609436,0.5123307108879089,0.5135903358459473,1070848,0.0,0.0
2024-11-02 06:00:00+00:00,0.5135862231254578,0.5136738419532776,0.5123616456985474,0.5123616456985474,218816,0.0,0.0
2024-11-02 07:30:00+00:00,0.5123624801635742,0.5131338238716125,0.511599063873291,0.5117310881614685,0,0.0,0.0
2024-11-02 09:00:00+00:00,0.5117383599281311,0.5127974152565002,0.511218786239624,0.5112457871437073,0,0.0,0.0
2024-11-02 10:30:00+00:00,0.5112389922142029,0.5120415091514587,0.5111094117164612,0.5116795301437378,0,0.0,0.0
2024-11-02 12:00:00+00:00,0.51168292760849,0.5127578377723694,0.5101420283317566,0.5113353729248047,3085440,0.0,0.0
2024-11-02 13:30:00+00:00,0.5113421082496643,0.5115200877189636,0.508857011795044,0.5095632672309875,0,0.0,0.0
2024-11-02 15:00:00+00:00,0.5095745325088501,0.5108534693717957,0.5080216526985168,0.5108295679092407,1368768,0.0,0.0
2024-11-02 16:30:00+00:00,0.5108267664909363,0.5113015174865723,0.5101667046546936,0.5108333826065063,0,0.0,0.0
2024-11-02 18:00:00+00:00,0.5108057260513306,0.5108343362808228,0.5087940096855164,0.5095925331115723,2740864,0.0,0.0
2024-11-02 19:30:00+00:00,0.5095781087875366,0.5100536942481995,0.5091916918754578,0.5095363855361938,3745728,0.0,0.0
2024-11-02 21:00:00+00:00,0.5095257759094238,0.510174036026001,0.5084584951400757,0.5101236701011658,895488,0.0,0.0
2024-11-02 22:30:00+00:00,0.5101646780967712,0.5101976990699768,0.5090673565864563,0.509853720664978,2570304,0.0,0.0
2024-11-03 00:00:00+00:00,0.5098893642425537,0.5107282996177673,0.508935272693634,0.5091094374656677,2386976,0.0,0.0
2024-11-03 01:30:00+00:00,0.5091191530227661,0.5091666579246521,0.49997803568840027,0.5005897283554077,70744032,0.0,0.0
2024-11-03 03:00:00+00:00,0.50064617395401,0.5038465857505798,0.500589907169342,0.5038465857505798,48629504,0.0,0.0
2024-11-03 04:30:00+00:00,0.5038975477218628,0.5052810907363892,0.5038975477218628,0.5039836764335632,4454656,0.0,0.0
2024-11-03 06:00:00+00:00,0.5039569139480591,0.5070568919181824,0.5037606358528137,0.50645512342453,7300480,0.0,0.0
2024-11-03 07:30:00+00:00,0.5063812732696533,0.5063812732696533,0.504601776599884,0.504601776599884,8480320,0.0,0.0
2024-11-03 09:00:00+00:00,0.5045560598373413,0.5053138136863708,0.5020898580551147,0.5035021305084229,22876224,0.0,0.0
2024-11-03 10:30:00+00:00,0.5035294890403748,0.5041204690933228,0.5022713541984558,0.502524197101593,8781440,0.0,0.0
2024-11-03 12:00:00+00:00,0.5025572180747986,0.5031893253326416,0.500455379486084,0.5007253885269165,16719360,0.0,0.0
2024-11-03 13:30:00+00:00,0.5007209777832031,0.5007209777832031,0.4948704242706299,0.4968613088130951,81206656,0.0,0.0
2024-11-03 15:00:00+00:00,0.49684375524520874,0.49863195419311523,0.49369290471076965,0.49824586510658264,95693120,0.0,0.0
2024-11-03 16:30:00+00:00,0.4982653558254242,0.5004366636276245,0.49700307846069336,0.5000115036964417,21509440,0.0,0.0
2024-11-03 18:00:00+00:00,0.5000202655792236,0.5001479387283325,0.494801789522171,0.49991339445114136,25155456,0.0,0.0
2024-11-03 19:30:00+00:00,0.4998869001865387,0.5039354562759399,0.49981993436813354,0.5039117932319641,21751104,0.0,0.0
2024-11-03 21:00:00+00:00,0.5039328932762146,0.5045202970504761,0.5034210085868835,0.5037297606468201,19122368,0.0,0.0
2024-11-03 22:30:00+00:00,0.5037334561347961,0.5037334561347961,0.5022668242454529,0.5029430389404297,14724416,0.0,0.0
2024-11-04 00:00:00+00:00,0.5029524564743042,0.5057987570762634,0.5010398030281067,0.5055063962936401,34653568,0.0,0.0
2024-11-04 01:30:00+00:00,0.5055180191993713,0.5072885751724243,0.5054848194122314,0.5068933963775635,11165184,0.0,0.0
2024-11-04 03:00:00+00:00,0.506935179233551,0.5079540014266968,0.5067824125289917,0.5072892308235168,5080256,0.0,0.0
2024-11-04 04:30:00+00:00,0.5073609948158264,0.5077563524246216,0.5039718151092529,0.504233181476593,10119104,0.0,0.0
2024-11-04 06:00:00+00:00,0.5042113065719604,0.5070460438728333,0.5040497183799744,0.5062663555145264,48338560,0.0,0.0
2024-11-04 07:30:00+00:00,0.5062666535377502,0.5062666535377502,0.5041356086730957,0.5057065486907959,37085632,0.0,0.0
2024-11-04 09:00:00+00:00,0.5057578682899475,0.5126628279685974,0.5057578682899475,0.512359619140625,41140928,0.0,0.0
2024-11-04 10:30:00+00:00,0.5123147368431091,0.5138039588928223,0.5117300748825073,0.512211799621582,26297664,0.0,0.0
2024-11-04 12:00:00+00:00,0.5121939778327942,0.5121939778327942,0.5100969672203064,0.5116978883743286,14735424,0.0,0.0
2024-11-04 13:30:00+00:00,0.5116928219795227,0.5117694139480591,0.5089033246040344,0.5090247988700867,0,0.0,0.0
2024-11-04 15:00:00+00:00,0.509069561958313,0.5112913846969604,0.5089971423149109,0.5112913846969604,1428032,0.0,0.0
2024-11-04 16:30:00+00:00,0.5114268064498901,0.5130003094673157,0.5075106620788574,0.509938657283783,53198656,0.0,0.0
2024-11-04 18:00:00+00:00,0.5098217129707336,0.5102725625038147,0.5086716413497925,0.5100162625312805,5847040,0.0,0.0
2024-11-04 19:30:00+00:00,0.5099948644638062,0.5099948644638062,0.5048367977142334,0.5049422979354858,15370368,0.0,0.0
2024-11-04 21:00:00+00:00,0.5049026608467102,0.5058550834655762,0.49713653326034546,0.500932514667511,94851136,0.0,0.0
2024-11-04 22:30:00+00:00,0.5008982419967651,0.5035050511360168,0.5003754496574402,0.5031508207321167,22955008,0.0,0.0
2024-11-05 00:00:00+00:00,0.5032397508621216,0.5051351189613342,0.5027542114257812,0.5027542114257812,12747456,0.0,0.0
2024-11-05 01:30:00+00:00,0.502679705619812,0.5053879022598267,0.5020872354507446,0.5041426420211792,4910144,0.0,0.0
2024-11-05 03:00:00+00:00,0.5041769742965698,0.5070880055427551,0.5041769742965698,0.5069965720176697,11387072,0.0,0.0
2024-11-05 04:30:00+00:00,0.5070035457611084,0.5088356733322144,0.5069484114646912,0.5086351633071899,4623424,0.0,0.0
2024-11-05 06:00:00+00:00,0.5086283087730408,0.5125692486763,0.508251965045929,0.5125692486763,6791040,0.0,0.0
2024-11-05 07:30:00+00:00,0.5125485062599182,0.5178074836730957,0.5119991898536682,0.5120036005973816,60613312,0.0,0.0
2024-11-05 09:00:00+00:00,0.5119553804397583,0.5130465030670166,0.51060950756073,0.5113441348075867,9354560,0.0,0.0
2024-11-05 10:30:00+00:00,0.5113915205001831,0.5115532875061035,0.5091680884361267,0.5092296004295349,9062016,0.0,0.0
2024-11-05 12:00:00+00:00,0.5092050433158875,0.5095463991165161,0.5064681768417358,0.5066034197807312,14383872,0.0,0.0
2024-11-05 13:30:00+00:00,0.5065720081329346,0.5139110088348389,0.5065720081329346,0.5121930837631226,57895168,0.0,0.0
2024-11-05 15:00:00+00:00,0.5122191905975342,0.5124251842498779,0.5090065002441406,0.5110649466514587,34759040,0.0,0.0
2024-11-05 16:30:00+00:00,0.5111128687858582,0.5143002271652222,0.5111128687858582,0.5130078196525574,6373376,0.0,0.0
2024-11-05 18:00:00+00:00,0.5129954218864441,0.5139998197555542,0.5127339363098145,0.5135782957077026,13391488,0.0,0.0
2024-11-05 19:30:00+00:00,0.5135611891746521,0.5137693285942078,0.509213387966156,0.513755738735199,39597824,0.0,0.0
2024-11-05 21:00:00+00:00,0.5137718319892883,0.5140622854232788,0.5105072259902954,0.5110095739364624,1724032,0.0,0.0
2024-11-05 22:30:00+00:00,0.5111284255981445,0.5152183175086975,0.5111284255981445,0.514002799987793,6576064,0.0,0.0
2024-11-06 00:00:00+00:00,0.5140535235404968,0.522174060344696,0.5140535235404968,0.5190614461898804,66659200,0.0,0.0
2024-11-06 01:30:00+00:00,0.5192044973373413,0.5294579267501831,0.5192044973373413,0.5294579267501831,104981120,0.0,0.0
2024-11-06 03:00:00+00:00,0.5296647548675537,0.5356690287590027,0.5295226573944092,0.5333385467529297,276711040,0.0,0.0
2024-11-06 04:30:00+00:00,0.5334259867668152,0.5373427271842957,0.531243085861206,0.5336980819702148,146662016,0.0,0.0
2024-11-06 06:00:00+00:00,0.5334510803222656,0.5413510203361511,0.5330944657325745,0.5397008061408997,164427776,0.0,0.0
2024-11-06 07:30:00+00:00,0.5399045944213867,0.5418398380279541,0.5274142622947693,0.5317844748497009,159436672,0.0,0.0
2024-11-06 09:00:00+00:00,0.5317713022232056,0.5355147123336792,0.5316614508628845,0.5329778790473938,45003648,0.0,0.0
2024-11-06 10:30:00+00:00,0.5329161882400513,0.5355749726295471,0.5327662229537964,0.5349873304367065,42127488,0.0,0.0
2024-11-06 12:00:00+00:00,0.5349834561347961,0.5357111692428589,0.5307021141052246,0.5309722423553467,18930304,0.0,0.0
2024-11-06 13:30:00+00:00,0.5311004519462585,0.5329073071479797,0.5283253192901611,0.5283253192901611,12070272,0.0,0.0
2024-11-06 15:00:00+00:00,0.5283615589141846,0.5324203968048096,0.5283615589141846,0.5316903591156006,19309184,0.0,0.0
2024-11-06 16:30:00+00:00,0.5317208766937256,0.5338185429573059,0.5317208766937256,0.5325886607170105,15740672,0.0,0.0
2024-11-06 18:00:00+00:00,0.5325868725776672,0.5360718965530396,0.5325868725776672,0.5355402827262878,35430272,0.0,0.0
2024-11-06 19:30:00+00:00,0.5352948904037476,0.5420108437538147,0.5341917872428894,0.5411956310272217,58801408,0.0,0.0
2024-11-06 21:00:00+00:00,0.5412460565567017,0.544470489025116,0.5412460565567017,0.5428820252418518,55782144,0.0,0.0
2024-11-06 22:30:00+00:00,0.5429108142852783,0.546570897102356,0.542421817779541,0.542421817779541,44923904,0.0,0.0
2024-11-07 00:00:00+00:00,0.5423892736434937,0.5437839031219482,0.5384741425514221,0.5437839031219482,22755072,0.0,0.0
2024-11-07 01:30:00+00:00,0.5439287424087524,0.5501809120178223,0.5439287424087524,0.5501809120178223,33165824,0.0,0.0
2024-11-07 03:00:00+00:00,0.5503032207489014,0.5737257599830627,0.5503032207489014,0.5604255199432373,173127936,0.0,0.0
2024-11-07 04:30:00+00:00,0.5603715181350708,0.5608110427856445,0.5554454326629639,0.5590261220932007,11532544,0.0,0.0
2024-11-07 06:00:00+00:00,0.5589948892593384,0.559877336025238,0.5512152314186096,0.5576989650726318,2332416,0.0,0.0
2024-11-07 07:30:00+00:00,0.5577473640441895,0.5583114624023438,0.5545735359191895,0.5552900433540344,0,0.0,0.0
2024-11-07 09:00:00+00:00,0.5552760362625122,0.5554632544517517,0.5484023094177246,0.5484251379966736,18682112,0.0,0.0
2024-11-07 10:30:00+00:00,0.548337996006012,0.5514131784439087,0.5474382638931274,0.5474382638931274,11575296,0.0,0.0
2024-11-07 12:00:00+00:00,0.5474165081977844,0.5498498678207397,0.5474165081977844,0.5487172603607178,7958016,0.0,0.0
2024-11-07 13:30:00+00:00,0.5482200384140015,0.5482200384140015,0.5420551300048828,0.5446468591690063,30398080,0.0,0.0
2024-11-07 15:00:00+00:00,0.5446479916572571,0.5505534410476685,0.5436864495277405,0.5504546761512756,34863872,0.0,0.0
2024-11-07 16:30:00+00:00,0.5510032773017883,0.5546107292175293,0.5508986711502075,0.5545527338981628,28648960,0.0,0.0
2024-11-07 18:00:00+00:00,0.5546742677688599,0.5552346110343933,0.5524638891220093,0.5552245378494263,22961664,0.0,0.0
2024-11-07 19:30:00+00:00,0.5552091598510742,0.5578010678291321,0.5543801188468933,0.5575342774391174,3521280,0.0,0.0
2024-11-07 21:00:00+00:00,0.5575291514396667,0.5582423210144043,0.5511090159416199,0.5516873002052307,1628544,0.0,0.0
2024-11-07 22:30:00+00:00,0.5522659420967102,0.5550719499588013,0.5522659420967102,0.5546858906745911,6621312,0.0,0.0
2024-11-08 00:00:00+00:00,0.5549213290214539,0.5596421957015991,0.5549213290214539,0.5571193099021912,10203776,0.0,0.0
2024-11-08 01:30:00+00:00,0.5569904446601868,0.5569904446601868,0.5491068363189697,0.5491068363189697,3247232,0.0,0.0
2024-11-08 03:00:00+00:00,0.5490924715995789,0.5513877868652344,0.5487566590309143,0.5513477325439453,0,0.0,0.0
2024-11-08 04:30:00+00:00,0.5513420104980469,0.5526977777481079,0.5501185655593872,0.5508859753608704,4753024,0.0,0.0
2024-11-08 06:00:00+00:00,0.5508967041969299,0.5513142943382263,0.5476242303848267,0.5492375493049622,8785792,0.0,0.0
2024-11-08 07:30:00+00:00,0.5497153401374817,0.5513930916786194,0.5472458004951477,0.5492169260978699,35829504,0.0,0.0
2024-11-08 09:00:00+00:00,0.5492140650749207,0.5502134561538696,0.5487794280052185,0.549065113067627,6845056,0.0,0.0
2024-11-08 10:30:00+00:00,0.5490002036094666,0.552226185798645,0.5490002036094666,0.5508611798286438,14399488,0.0,0.0
2024-11-08 12:00:00+00:00,0.5508440732955933,0.5526636838912964,0.550262451171875,0.551260232925415,14991616,0.0,0.0
2024-11-08 13:30:00+00:00,0.5513117909431458,0.5575482249259949,0.5506956577301025,0.5508401393890381,37158784,0.0,0.0
2024-11-08 15:00:00+00:00,0.5508677959442139,0.5547880530357361,0.5508677959442139,0.5536773800849915,43937024,0.0,0.0
2024-11-08 16:30:00+00:00,0.5534802675247192,0.5534802675247192,0.5432677268981934,0.5476441979408264,75200256,0.0,0.0
2024-11-08 18:00:00+00:00,0.5476532578468323,0.5513781905174255,0.546450674533844,0.5513781905174255,21589632,0.0,0.0
2024-11-08 19:30:00+00:00,0.5514591932296753,0.5530576705932617,0.5487024188041687,0.5492722392082214,20152832,0.0,0.0
2024-11-08 21:00:00+00:00,0.5494253635406494,0.553127110004425,0.5470227003097534,0.553127110004425,37436288,0.0,0.0
2024-11-08 22:30:00+00:00,0.5536216497421265,0.5542465448379517,0.5529674887657166,0.5541905760765076,14134144,0.0,0.0
2024-11-09 00:00:00+00:00,0.5532808899879456,0.5534759163856506,0.5510980486869812,0.5510980486869812,6097280,0.0,0.0
2024-11-09 01:30:00+00:00,0.5510960817337036,0.5510960817337036,0.5473650693893433,0.5490774512290955,9211008,0.0,0.0
2024-11-09 03:00:00+00:00,0.5490931868553162,0.5494610667228699,0.5461309552192688,0.5479305982589722,10859648,0.0,0.0
2024-11-09 04:30:00+00:00,0.547932505607605,0.5515281558036804,0.5467433333396912,0.5512247681617737,19717632,0.0,0.0
2024-11-09 06:00:00+00:00,0.5512866377830505,0.5547043681144714,0.5512866377830505,0.5517041087150574,37854976,0.0,0.0
2024-11-09 07:30:00+00:00,0.5517242550849915,0.5560712814331055,0.5516421794891357,0.5541046857833862,25120896,0.0,0.0
2024-11-09 09:00:00+00:00,0.5540881156921387,0.555519700050354,0.552505373954773,0.552505373954773,14097664,0.0,0.0
2024-11-09 10:30:00+00:00,0.5524302124977112,0.5529778599739075,0.551586925983429,0.552926242351532,675968,0.0,0.0
2024-11-09 12:00:00+00:00,0.5532696843147278,0.5532696843147278,0.5484853386878967,0.5484853386878967,4200064,0.0,0.0
2024-11-09 13:30:00+00:00,0.5485230684280396,0.5496421456336975,0.5459296703338623,0.5465236902236938,6339712,0.0,0.0
2024-11-09 15:00:00+00:00,0.5465802550315857,0.5489931702613831,0.5461134910583496,0.5472346544265747,413056,0.0,0.0
2024-11-09 16:30:00+00:00,0.547260582447052,0.5490785837173462,0.5455765724182129,0.5489994287490845,2359040,0.0,0.0
2024-11-09 18:00:00+00:00,0.5490836501121521,0.5515027046203613,0.5490836501121521,0.5512203574180603,10247936,0.0,0.0
2024-11-09 19:30:00+00:00,0.5512422919273376,0.552375853061676,0.5497730374336243,0.5519540309906006,4794752,0.0,0.0
2024-11-09 21:00:00+00:00,0.5520716905593872,0.5534152984619141,0.5513986945152283,0.5534080266952515,612608,0.0,0.0
2024-11-09 22:30:00+00:00,0.5533053278923035,0.5613808035850525,0.5526511073112488,0.5593938231468201,89440512,0.0,0.0
2024-11-10 00:00:00+00:00,0.5594120025634766,0.5683855414390564,0.5562001466751099,0.5641109943389893,110777728,0.0,0.0
2024-11-10 01:30:00+00:00,0.5641078948974609,0.5723241567611694,0.5641078948974609,0.5715326070785522,165730944,0.0,0.0
2024-11-10 03:00:00+00:00,0.5712487697601318,0.573495090007782,0.5691559314727783,0.5723969340324402,63359744,0.0,0.0
2024-11-10 04:30:00+00:00,0.5724543333053589,0.5899069905281067,0.5716153383255005,0.5831729173660278,293503872,0.0,0.0
2024-11-10 06:00:00+00:00,0.584257185459137,0.5865206122398376,0.5785208344459534,0.5815761089324951,127964672,0.0,0.0
2024-11-10 07:30:00+00:00,0.5815992951393127,0.587245762348175,0.5812183022499084,0.5835807919502258,47730688,0.0,0.0
2024-11-10 09:00:00+00:00,0.5836211442947388,0.5873340368270874,0.583368718624115,0.5848650336265564,60417152,0.0,0.0
2024-11-10 10:30:00+00:00,0.584831714630127,0.5867224335670471,0.5836938619613647,0.58652663230896,78199296,0.0,0.0
2024-11-10 12:00:00+00:00,0.5865587592124939,0.6154838800430298,0.5837679505348206,0.6118371486663818,646139136,0.0,0.0
2024-11-10 13:30:00+00:00,0.6116962432861328,0.6121209859848022,0.5980837941169739,0.6008104085922241,319620352,0.0,0.0
2024-11-10 15:00:00+00:00,0.6003064513206482,0.6046637296676636,0.5993053913116455,0.6020151972770691,170104320,0.0,0.0
2024-11-10 16:30:00+00:00,0.6020740866661072,0.6106563210487366,0.6015364527702332,0.6089698672294617,127400192,0.0,0.0
2024-11-10 18:00:00+00:00,0.6082980632781982,0.6139712333679199,0.6050077676773071,0.6052224636077881,214118912,0.0,0.0
2024-11-10 19:30:00+00:00,0.6052555441856384,0.6090170741081238,0.5839915871620178,0.5839915871620178,210145536,0.0,0.0
2024-11-10 21:00:00+00:00,0.5826905965805054,0.593401312828064,0.5677374601364136,0.5926711559295654,350448896,0.0,0.0
2024-11-10 22:30:00+00:00,0.5922924876213074,0.5922924876213074,0.5867257714271545,0.5894337892532349,35139072,0.0,0.0
2024-11-11 00:00:00+00:00,0.589255154132843,0.5948590040206909,0.5875230431556702,0.590437114238739,85082880,0.0,0.0
2024-11-11 01:30:00+00:00,0.5905247330665588,0.5979321599006653,0.5905247330665588,0.596099317073822,14406656,0.0,0.0
2024-11-11 03:00:00+00:00,0.5961298942565918,0.5961298942565918,0.5898677110671997,0.5898677110671997,15248128,0.0,0.0
2024-11-11 04:30:00+00:00,0.5898069739341736,0.5916703939437866,0.5721580982208252,0.5721580982208252,17615616,0.0,0.0
2024-11-11 06:00:00+00:00,0.573060154914856,0.5778917074203491,0.573060154914856,0.5734620690345764,19532032,0.0,0.0
2024-11-11 07:30:00+00:00,0.5734478235244751,0.5831791162490845,0.5728950500488281,0.5819714665412903,413525504,0.0,0.0
2024-11-11 09:00:00+00:00,0.5820356607437134,0.5867995619773865,0.5804088711738586,0.5856009125709534,33856512,0.0,0.0
2024-11-11 10:30:00+00:00,0.585742712020874,0.5875498056411743,0.585742712020874,0.5875498056411743,38009856,0.0,0.0
2024-11-11 12:00:00+00:00,0.5874854326248169,0.5882335305213928,0.5790001749992371,0.5806172490119934,0,0.0,0.0
2024-11-11 13:30:00+00:00,0.5806217789649963,0.5822224020957947,0.5778823494911194,0.5821810364723206,0,0.0,0.0
2024-11-11 15:00:00+00:00,0.5823115110397339,0.5942556262016296,0.5823115110397339,0.592202365398407,110030080,0.0,0.0
2024-11-11 16:30:00+00:00,0.5926358699798584,0.5945793986320496,0.5899183750152588,0.5939091444015503,67068416,0.0,0.0
2024-11-11 18:00:00+00:00,0.5938198566436768,0.5967846512794495,0.5898707509040833,0.5942546725273132,12099072,0.0,0.0
2024-11-11 19:30:00+00:00,0.5942639112472534,0.6307059526443481,0.5939192175865173,0.6217148303985596,468444928,0.0,0.0
2024-11-11 21:00:00+00:00,0.6218466758728027,0.6218466758728027,0.6102938055992126,0.6109122037887573,100043776,0.0,0.0
2024-11-11 22:30:00+00:00,0.6110824942588806,0.6214631199836731,0.6092821955680847,0.6204606294631958,161836800,0.0,0.0
2024-11-12 00:00:00+00:00,0.6206262111663818,0.6210798621177673,0.6026230454444885,0.6058341264724731,226696192,0.0,0.0
2024-11-12 01:30:00+00:00,0.6058750748634338,0.6091573238372803,0.6012773513793945,0.6028730273246765,91017984,0.0,0.0
2024-11-12 03:00:00+00:00,0.6032681465148926,0.6071245670318604,0.6032241582870483,0.6055141091346741,58214912,0.0,0.0
2024-11-12 04:30:00+00:00,0.6061800122261047,0.6097445487976074,0.5991976261138916,0.6008691787719727,66035712,0.0,0.0
2024-11-12 06:00:00+00:00,0.6008873581886292,0.6149538159370422,0.6008873581886292,0.6136373281478882,125014016,0.0,0.0
2024-11-12 07:30:00+00:00,0.6136278510093689,0.6857507824897766,0.6127887964248657,0.6857507824897766,1105710592,0.0,0.0
2024-11-12 09:00:00+00:00,0.6852161884307861,0.6949846148490906,0.6361047625541687,0.6458225250244141,1193346560,0.0,0.0
2024-11-12 10:30:00+00:00,0.6460412740707397,0.6490271687507629,0.615411102771759,0.6460955739021301,784231424,0.0,0.0
2024-11-12 12:00:00+00:00,0.6459963917732239,0.6594920754432678,0.6361101269721985,0.6524196267127991,516537344,0.0,0.0
2024-11-12 13:30:00+00:00,0.6520017385482788,0.6662012934684753,0.6299585103988647,0.6662012934684753,562479104,0.0,0.0
2024-11-12 15:00:00+00:00,0.6665169596672058,0.7009334564208984,0.6614550352096558,0.6720203757286072,980420608,0.0,0.0
2024-11-12 16:30:00+00:00,0.6725300550460815,0.6924237012863159,0.6677127480506897,0.6812065243721008,387875840,0.0,0.0
2024-11-12 18:00:00+00:00,0.6809149980545044,0.7024737000465393,0.6802859306335449,0.6876214742660522,357901312,0.0,0.0
2024-11-12 19:30:00+00:00,0.6844722628593445,0.7348036766052246,0.6844722628593445,0.7099074721336365,546134016,0.0,0.0
2024-11-12 21:00:00+00:00,0.7092112302780151,0.7303295731544495,0.707851231098175,0.7278186082839966,323073024,0.0,0.0
2024-11-12 22:30:00+00:00,0.727668821811676,0.7345993518829346,0.7084112763404846,0.709695041179657,171975680,0.0,0.0
2024-11-13 00:00:00+00:00,0.707229733467102,0.7295002937316895,0.6929682493209839,0.6929682493209839,395995136,0.0,0.0
2024-11-13 01:30:00+00:00,0.6933963894844055,0.7031170129776001,0.6825168132781982,0.6866338849067688,227726336,0.0,0.0
2024-11-13 03:00:00+00:00,0.6872185468673706,0.68944251537323,0.670132577419281,0.670132577419281,203304960,0.0,0.0
2024-11-13 04:30:00+00:00,0.6699193120002747,0.6699193120002747,0.6469929814338684,0.6469929814338684,218287104,0.0,0.0
2024-11-13 06:00:00+00:00,0.647002637386322,0.6590020656585693,0.642672061920166,0.658918559551239,263281664,0.0,0.0
2024-11-13 07:30:00+00:00,0.6589506268501282,0.6725003123283386,0.6542081236839294,0.6627375483512878,85233664,0.0,0.0
2024-11-13 09:00:00+00:00,0.6627005338668823,0.6650637984275818,0.6557889580726624,0.6649385690689087,0,0.0,0.0
2024-11-13 10:30:00+00:00,0.665007472038269,0.6763436794281006,0.6620827913284302,0.6763436794281006,9683968,0.0,0.0
2024-11-13 12:00:00+00:00,0.6764385104179382,0.6814649105072021,0.6667799353599548,0.6812808513641357,26974208,0.0,0.0
2024-11-13 13:30:00+00:00,0.6811619997024536,0.7158889174461365,0.6811619997024536,0.7156500816345215,592207872,0.0,0.0
2024-11-13 15:00:00+00:00,0.7149744033813477,0.7187260389328003,0.7011736035346985,0.708038330078125,37774336,0.0,0.0
2024-11-13 16:30:00+00:00,0.707721471786499,0.739861786365509,0.7071111798286438,0.7161068320274353,296296448,0.0,0.0
2024-11-13 18:00:00+00:00,0.715224027633667,0.7183900475502014,0.6871694922447205,0.6871694922447205,42763264,0.0,0.0
2024-11-13 19:30:00+00:00,0.6886972784996033,0.6918271780014038,0.6772645711898804,0.684279203414917,44664832,0.0,0.0
2024-11-13 21:00:00+00:00,0.6846122145652771,0.6886517405509949,0.6716431379318237,0.6885095238685608,23319552,0.0,0.0
2024-11-13 22:30:00+00:00,0.6885703802108765,0.6916207671165466,0.6872350573539734,0.6901013255119324,0,0.0,0.0
2024-11-14 00:00:00+00:00,0.6903102993965149,0.695867657661438,0.6844270825386047,0.6915885806083679,5815296,0.0,0.0
2024-11-14 01:30:00+00:00,0.6919163465499878,0.7038983702659607,0.6919163465499878,0.6982032060623169,99474944,0.0,0.0
2024-11-14 03:00:00+00:00,0.6986135840415955,0.6989955306053162,0.6919592618942261,0.6967074871063232,878080,0.0,0.0
2024-11-14 04:30:00+00:00,0.6966293454170227,0.7004538774490356,0.6946526169776917,0.6965728998184204,0,0.0,0.0
2024-11-14 06:00:00+00:00,0.6965619921684265,0.7036650776863098,0.6866065263748169,0.6872383952140808,33823744,0.0,0.0
2024-11-14 07:30:00+00:00,0.687578558921814,0.7113474607467651,0.687578558921814,0.711135745048523,59607552,0.0,0.0
2024-11-14 09:00:00+00:00,0.711250364780426,0.712780773639679,0.7014821171760559,0.712675154209137,11046400,0.0,0.0
2024-11-14 10:30:00+00:00,0.7132273316383362,0.7199499607086182,0.700535237789154,0.7185646891593933,173474816,0.0,0.0
2024-11-14 12:00:00+00:00,0.7185611128807068,0.7254546284675598,0.7134948968887329,0.7195411920547485,115774976,0.0,0.0
2024-11-14 13:30:00+00:00,0.7196505069732666,0.7450292706489563,0.7111184000968933,0.7111184000968933,302193664,0.0,0.0
2024-11-14 15:00:00+00:00,0.7104687094688416,0.7257950305938721,0.7055796384811401,0.7256571650505066,174413824,0.0,0.0
2024-11-14 16:30:00+00:00,0.7257357835769653,0.7684420943260193,0.7257357835769653,0.7584149837493896,556183552,0.0,0.0
2024-11-14 18:00:00+00:00,0.7616219520568848,0.7750913500785828,0.760131299495697,0.771833598613739,296745472,0.0,0.0
2024-11-14 19:30:00+00:00,0.7727431058883667,0.7975209355354309,0.7707770466804504,0.7903200387954712,534695424,0.0,0.0
2024-11-14 21:00:00+00:00,0.7888404726982117,0.8447508811950684,0.7878003716468811,0.8420435786247253,1263325184,0.0,0.0
2024-11-14 22:30:00+00:00,0.8428732752799988,0.8428732752799988,0.7614471912384033,0.7726649641990662,747246592,0.0,0.0
2024-11-15 00:00:00+00:00,0.7731687426567078,0.8132479786872864,0.7725821137428284,0.8132479786872864,628109312,0.0,0.0
2024-11-15 01:30:00+00:00,0.8132479786872864,0.8286523818969727,0.8104914426803589,0.8286523818969727,388440064,0.0,0.0
2024-11-15 03:00:00+00:00,0.8292658925056458,0.8367788791656494,0.8159101605415344,0.8234076499938965,278306816,0.0,0.0
2024-11-15 04:30:00+00:00,0.8230777382850647,0.8230777382850647,0.7969295978546143,0.8070775866508484,392098816,0.0,0.0
2024-11-15 06:00:00+00:00,0.8071547746658325,0.8155259490013123,0.7912799119949341,0.7997999787330627,174965760,0.0,0.0
2024-11-15 07:30:00+00:00,0.7995371222496033,0.8014183640480042,0.7764036655426025,0.7973244786262512,171048960,0.0,0.0
2024-11-15 09:00:00+00:00,0.797184944152832,0.8223171234130859,0.7966763973236084,0.8180985450744629,316203008,0.0,0.0
2024-11-15 10:30:00+00:00,0.8179404735565186,0.8289129734039307,0.8131707906723022,0.8270909190177917,142487552,0.0,0.0
2024-11-15 12:00:00+00:00,0.8269788026809692,0.8718591332435608,0.8184264898300171,0.860739529132843,1090185216,0.0,0.0
2024-11-15 13:30:00+00:00,0.863937497138977,0.9096042513847351,0.863937497138977,0.9085966348648071,855820288,0.0,0.0
2024-11-15 15:00:00+00:00,0.9095031023025513,0.9095031023025513,0.8636364340782166,0.8805846571922302,463983616,0.0,0.0
2024-11-15 16:30:00+00:00,0.8810343742370605,0.8843786120414734,0.8631072640419006,0.8650797009468079,98544640,0.0,0.0
2024-11-15 18:00:00+00:00,0.8661680817604065,0.8935388326644897,0.8655356168746948,0.8932102918624878,129876992,0.0,0.0
2024-11-15 19:30:00+00:00,0.8932086229324341,0.8973292112350464,0.8721649646759033,0.8738923072814941,26624,0.0,0.0
2024-11-15 21:00:00+00:00,0.8737448453903198,0.9240254163742065,0.8718582987785339,0.9069915413856506,110788608,0.0,0.0
2024-11-15 22:30:00+00:00,0.9065930247306824,0.9090271592140198,0.8886457085609436,0.8905767202377319,0,0.0,0.0
2024-11-16 00:00:00+00:00,0.8920122385025024,0.8948639631271362,0.8800435066223145,0.8867767453193665,39583744,0.0,0.0
2024-11-16 01:30:00+00:00,0.8870227336883545,0.8939478397369385,0.8802222609519958,0.8916124701499939,17876992,0.0,0.0
2024-11-16 03:00:00+00:00,0.8914620876312256,0.9166983366012573,0.8904808759689331,0.9144996404647827,153998336,0.0,0.0
2024-11-16 04:30:00+00:00,0.9148252606391907,0.9761172533035278,0.9148252606391907,0.9758531451225281,953993216,0.0,0.0
2024-11-16 06:00:00+00:00,0.9771931767463684,0.980165421962738,0.9481859803199768,0.9720965623855591,362168320,0.0,0.0
2024-11-16 07:30:00+00:00,0.972267746925354,0.9929792284965515,0.9595986604690552,0.9929792284965515,501383168,0.0,0.0
2024-11-16 09:00:00+00:00,0.993406355381012,1.0500998497009277,0.9900319576263428,1.039812445640564,1404182528,0.0,0.0
2024-11-16 10:30:00+00:00,1.0422372817993164,1.0776711702346802,1.0255404710769653,1.0369020700454712,1650855936,0.0,0.0
2024-11-16 12:00:00+00:00,1.040339469909668,1.0687893629074097,1.0334296226501465,1.0673699378967285,289024000,0.0,0.0
2024-11-16 13:30:00+00:00,1.0688271522521973,1.1959235668182373,1.0688271522521973,1.1943355798721313,2381579264,0.0,0.0
2024-11-16 15:00:00+00:00,1.1947627067565918,1.2550628185272217,1.0900697708129883,1.1032078266143799,2531907584,0.0,0.0
2024-11-16 16:30:00+00:00,1.1050437688827515,1.1601290702819824,1.1050437688827515,1.1263349056243896,1264998400,0.0,0.0
2024-11-16 18:00:00+00:00,1.1260104179382324,1.1758683919906616,1.1257400512695312,1.1688978672027588,674232320,0.0,0.0
2024-11-16 19:30:00+00:00,1.1703144311904907,1.2029237747192383,1.1534233093261719,1.1725505590438843,903176192,0.0,0.0
2024-11-16 21:00:00+00:00,1.1684759855270386,1.1761068105697632,1.1266050338745117,1.1455155611038208,143351808,0.0,0.0
2024-11-16 22:30:00+00:00,1.146785855293274,1.1505051851272583,1.11116623878479,1.1188374757766724,314419200,0.0,0.0
2024-11-17 00:00:00+00:00,1.1214107275009155,1.1545945405960083,1.096441626548767,1.1104060411453247,647426048,0.0,0.0
2024-11-17 01:30:00+00:00,1.110330581665039,1.110330581665039,1.046586036682129,1.066561222076416,893513728,0.0,0.0
2024-11-17 03:00:00+00:00,1.0657334327697754,1.0678577423095703,1.0257004499435425,1.0257004499435425,242061312,0.0,0.0
2024-11-17 04:30:00+00:00,1.0233774185180664,1.0455365180969238,1.0084810256958008,1.0084810256958008,203493376,0.0,0.0
2024-11-17 06:00:00+00:00,1.0076696872711182,1.0850245952606201,1.0056381225585938,1.0839656591415405,855996416,0.0,0.0
2024-11-17 07:30:00+00:00,1.0839097499847412,1.0958918333053589,1.0599533319473267,1.0864969491958618,367292416,0.0,0.0
2024-11-17 09:00:00+00:00,1.0861105918884277,1.0864665508270264,1.0721582174301147,1.0761921405792236,0,0.0,0.0
2024-11-17 10:30:00+00:00,1.0760267972946167,1.0774738788604736,1.0415414571762085,1.0415414571762085,2904064,0.0,0.0
2024-11-17 12:00:00+00:00,1.0401673316955566,1.1026686429977417,1.0394072532653809,1.0977766513824463,369922048,0.0,0.0
2024-11-17 13:30:00+00:00,1.0972347259521484,1.1351875066757202,1.0930150747299194,1.1075124740600586,273897472,0.0,0.0
2024-11-17 15:00:00+00:00,1.105910301208496,1.105910301208496,1.077260136604309,1.084067702293396,0,0.0,0.0
2024-11-17 16:30:00+00:00,1.084067702293396,1.0844632387161255,1.0674329996109009,1.0713250637054443,0,0.0,0.0
2024-11-17 18:00:00+00:00,1.0706158876419067,1.072684407234192,1.0384284257888794,1.0387181043624878,7274496,0.0,0.0
2024-11-17 19:30:00+00:00,1.039126992225647,1.0518206357955933,1.03516685962677,1.0504248142242432,0,0.0,0.0
2024-11-17 21:00:00+00:00,1.0501779317855835,1.0621849298477173,1.03977370262146,1.0614912509918213,49809408,0.0,0.0
2024-11-17 22:30:00+00:00,1.0614193677902222,1.0694798231124878,1.0542207956314087,1.0542207956314087,9845760,0.0,0.0
2024-11-18 00:00:00+00:00,1.0558258295059204,1.0813169479370117,1.0558258295059204,1.0801037549972534,3668992,0.0,0.0
2024-11-18 01:30:00+00:00,1.0820348262786865,1.1355291604995728,1.0817558765411377,1.1151783466339111,160952320,0.0,0.0
2024-11-18 03:00:00+00:00,1.1149637699127197,1.1361100673675537,1.1133394241333008,1.1361100673675537,125181952,0.0,0.0
2024-11-18 04:30:00+00:00,1.1350717544555664,1.181933045387268,1.125868320465088,1.1639904975891113,447996928,0.0,0.0
2024-11-18 06:00:00+00:00,1.1624451875686646,1.1829582452774048,1.1488890647888184,1.1585885286331177,97406976,0.0,0.0
2024-11-18 07:30:00+00:00,1.157689094543457,1.1708694696426392,1.1526296138763428,1.1526296138763428,71602176,0.0,0.0
2024-11-18 09:00:00+00:00,1.1514395475387573,1.152588963508606,1.1236681938171387,1.1396242380142212,108769280,0.0,0.0
2024-11-18 10:30:00+00:00,1.1416202783584595,1.1473044157028198,1.1167223453521729,1.1191033124923706,95122432,0.0,0.0
2024-11-18 12:00:00+00:00,1.1205075979232788,1.1316564083099365,1.108255386352539,1.1256897449493408,63770624,0.0,0.0
2024-11-18 13:30:00+00:00,1.1256394386291504,1.1495696306228638,1.1256394386291504,1.1386207342147827,53029888,0.0,0.0
2024-11-18 15:00:00+00:00,1.1391979455947876,1.173845887184143,1.1391979455947876,1.1405797004699707,343379968,0.0,0.0
2024-11-18 16:30:00+00:00,1.1405278444290161,1.1514846086502075,1.1256486177444458,1.1296244859695435,207203328,0.0,0.0
2024-11-18 18:00:00+00:00,1.1270592212677002,1.129762887954712,1.0818103551864624,1.0818103551864624,82091008,0.0,0.0
2024-11-18 19:30:00+00:00,1.081270694732666,1.1193809509277344,1.0777614116668701,1.1124686002731323,346919936,0.0,0.0
2024-11-18 21:00:00+00:00,1.1125246286392212,1.1354540586471558,1.1122145652770996,1.1283279657363892,139725824,0.0,0.0
2024-11-18 22:30:00+00:00,1.129022240638733,1.1317411661148071,1.1165579557418823,1.1184155941009521,41046016,0.0,0.0
2024-11-19 00:00:00+00:00,1.1172608137130737,1.1457942724227905,1.115056037902832,1.1341898441314697,123752448,0.0,0.0
2024-11-19 01:30:00+00:00,1.134431004524231,1.13853120803833,1.1224600076675415,1.1319465637207031,17198080,0.0,0.0
2024-11-19 03:00:00+00:00,1.13187837600708,1.138686180114746,1.11009681224823,1.11009681224823,9440256,0.0,0.0
2024-11-19 04:30:00+00:00,1.1093391180038452,1.1221251487731934,1.1059104204177856,1.11058509349823,36619264,0.0,0.0
2024-11-19 06:00:00+00:00,1.1107745170593262,1.1174960136413574,1.1011425256729126,1.1164764165878296,0,0.0,0.0
2024-11-19 07:30:00+00:00,1.1165577173233032,1.1165577173233032,1.0891515016555786,1.0969210863113403,29406208,0.0,0.0
2024-11-19 09:00:00+00:00,1.0970807075500488,1.1041829586029053,1.0892757177352905,1.0973848104476929,15962112,0.0,0.0
2024-11-19 10:30:00+00:00,1.0985273122787476,1.1060031652450562,1.0980454683303833,1.1023036241531372,276480,0.0,0.0
2024-11-19 12:00:00+00:00,1.1023138761520386,1.117935299873352,1.0906519889831543,1.0929054021835327,108124672,0.0,0.0
2024-11-19 13:30:00+00:00,1.0928980112075806,1.0970200300216675,1.0739210844039917,1.085089921951294,127341056,0.0,0.0
2024-11-19 15:00:00+00:00,1.0849909782409668,1.0986526012420654,1.0846928358078003,1.0986526012420654,6451200,0.0,0.0
2024-11-19 16:30:00+00:00,1.0982555150985718,1.1005823612213135,1.0875788927078247,1.0958480834960938,13878784,0.0,0.0
2024-11-19 18:00:00+00:00,1.096017837524414,1.1076593399047852,1.0907504558563232,1.1076593399047852,47065600,0.0,0.0
2024-11-19 19:30:00+00:00,1.106974720954895,1.1164679527282715,1.1018400192260742,1.1018400192260742,36451840,0.0,0.0
2024-11-19 21:00:00+00:00,1.10233473777771,1.1036492586135864,1.0772678852081299,1.0782034397125244,76032000,0.0,0.0
2024-11-19 22:30:00+00:00,1.0783329010009766,1.107855200767517,1.075857400894165,1.1019039154052734,103381504,0.0,0.0
2024-11-20 00:00:00+00:00,1.1018445491790771,1.1148416996002197,1.0916410684585571,1.0916410684585571,14683648,0.0,0.0
2024-11-20 01:30:00+00:00,1.088447093963623,1.1101069450378418,1.088447093963623,1.0959804058074951,73164800,0.0,0.0
2024-11-20 03:00:00+00:00,1.0959035158157349,1.0959035158157349,1.066449761390686,1.081703543663025,204996096,0.0,0.0
2024-11-20 04:30:00+00:00,1.0813816785812378,1.086252212524414,1.0736819505691528,1.0841246843338013,663552,0.0,0.0
2024-11-20 06:00:00+00:00,1.0843651294708252,1.0929601192474365,1.0833446979522705,1.0895746946334839,26025984,0.0,0.0
2024-11-20 07:30:00+00:00,1.08928382396698,1.1003493070602417,1.0815935134887695,1.0959638357162476,20728832,0.0,0.0
2024-11-20 09:00:00+00:00,1.095749020576477,1.1135767698287964,1.0943703651428223,1.1073931455612183,119370240,0.0,0.0
2024-11-20 10:30:00+00:00,1.106589913368225,1.135802984237671,1.1045916080474854,1.1214168071746826,531623424,0.0,0.0
2024-11-20 12:00:00+00:00,1.121707797050476,1.1465221643447876,1.1152693033218384,1.1231911182403564,304580096,0.0,0.0
2024-11-20 13:30:00+00:00,1.122839093208313,1.1441847085952759,1.1208971738815308,1.1346712112426758,144181760,0.0,0.0
2024-11-20 15:00:00+00:00,1.1357944011688232,1.1357944011688232,1.097376823425293,1.0974948406219482,126255616,0.0,0.0
2024-11-20 16:30:00+00:00,1.096718668937683,1.1037787199020386,1.0882940292358398,1.0882940292358398,139180544,0.0,0.0
2024-11-20 18:00:00+00:00,1.0834444761276245,1.0955227613449097,1.0691052675247192,1.0693070888519287,97142272,0.0,0.0
2024-11-20 19:30:00+00:00,1.0703043937683105,1.0959031581878662,1.0703043937683105,1.0941377878189087,69676544,0.0,0.0
2024-11-20 21:00:00+00:00,1.0937261581420898,1.1169874668121338,1.0907368659973145,1.1138904094696045,74140160,0.0,0.0
2024-11-20 22:30:00+00:00,1.1137747764587402,1.115936517715454,1.1014963388442993,1.101607322692871,60155904,0.0,0.0
2024-11-21 00:00:00+00:00,1.1024937629699707,1.1146589517593384,1.102135181427002,1.1146589517593384,53747200,0.0,0.0
2024-11-21 01:30:00+00:00,1.1148638725280762,1.1286940574645996,1.082099199295044,1.0918322801589966,231882240,0.0,0.0
2024-11-21 03:00:00+00:00,1.0921077728271484,1.1076505184173584,1.0869282484054565,1.0877792835235596,50523648,0.0,0.0
2024-11-21 04:30:00+00:00,1.0886428356170654,1.1270177364349365,1.0886428356170654,1.108579397201538,336647680,0.0,0.0
2024-11-21 06:00:00+00:00,1.1084961891174316,1.113993763923645,1.1067612171173096,1.106906771659851,80131584,0.0,0.0
2024-11-21 07:30:00+00:00,1.1070407629013062,1.1260005235671997,1.1023365259170532,1.1209290027618408,163235328,0.0,0.0
2024-11-21 09:00:00+00:00,1.120880126953125,1.1329598426818848,1.1187549829483032,1.1195149421691895,86588928,0.0,0.0
2024-11-21 10:30:00+00:00,1.1193552017211914,1.1241929531097412,1.1093634366989136,1.109920859336853,16437760,0.0,0.0
2024-11-21 12:00:00+00:00,1.1102337837219238,1.1535606384277344,1.1102337837219238,1.124698519706726,359711232,0.0,0.0
2024-11-21 13:30:00+00:00,1.1243098974227905,1.136002779006958,1.12102210521698,1.1308084726333618,101897728,0.0,0.0
2024-11-21 15:00:00+00:00,1.1303609609603882,1.1303609609603882,1.0999537706375122,1.1098135709762573,226416128,0.0,0.0
2024-11-21 16:30:00+00:00,1.1100921630859375,1.1266459226608276,1.1080178022384644,1.1196227073669434,55839744,0.0,0.0
2024-11-21 18:00:00+00:00,1.1217330694198608,1.2338106632232666,1.1217330694198608,1.199468970298767,2244783616,0.0,0.0
2024-11-21 19:30:00+00:00,1.2003350257873535,1.2020816802978516,1.166046380996704,1.181397795677185,661966848,0.0,0.0
2024-11-21 21:00:00+00:00,1.1812516450881958,1.2053430080413818,1.1683709621429443,1.201904296875,357853184,0.0,0.0
2024-11-21 22:30:00+00:00,1.2020463943481445,1.2381854057312012,1.1991076469421387,1.2381854057312012,405005312,0.0,0.0
2024-11-22 00:00:00+00:00,1.2539849281311035,1.321547269821167,1.2539849281311035,1.3210877180099487,2173312000,0.0,0.0
2024-11-22 01:30:00+00:00,1.3200383186340332,1.402044653892517,1.319177269935608,1.3584860563278198,2078714880,0.0,0.0
2024-11-22 03:00:00+00:00,1.358457088470459,1.4256037473678589,1.358457088470459,1.405377745628357,1257113600,0.0,0.0
2024-11-22 04:30:00+00:00,1.4051862955093384,1.4113985300064087,1.379556655883789,1.401466965675354,571660288,0.0,0.0
2024-11-22 06:00:00+00:00,1.4018442630767822,1.418919563293457,1.3720152378082275,1.3751630783081055,498482176,0.0,0.0
2024-11-22 07:30:00+00:00,1.3764272928237915,1.39655339717865,1.368536353111267,1.3961141109466553,496964608,0.0,0.0
2024-11-22 09:00:00+00:00,1.3957613706588745,1.40398108959198,1.3857743740081787,1.3896788358688354,382885888,0.0,0.0
2024-11-22 10:30:00+00:00,1.3886277675628662,1.4666943550109863,1.3877125978469849,1.4639813899993896,1452193792,0.0,0.0
2024-11-22 12:00:00+00:00,1.4641000032424927,1.4963815212249756,1.3992971181869507,1.3992971181869507,1445132288,0.0,0.0
2024-11-22 13:30:00+00:00,1.3975796699523926,1.4365078210830688,1.3843843936920166,1.431274175643921,1787627520,0.0,0.0
2024-11-22 15:00:00+00:00,1.4318896532058716,1.4712231159210205,1.4318896532058716,1.4712231159210205,637949952,0.0,0.0
2024-11-22 16:30:00+00:00,1.4690020084381104,1.487223744392395,1.454113245010376,1.4543163776397705,627183616,0.0,0.0
2024-11-22 18:00:00+00:00,1.4545750617980957,1.4631747007369995,1.408740758895874,1.4223617315292358,0,0.0,0.0
2024-11-22 19:30:00+00:00,1.4225378036499023,1.4607744216918945,1.4211372137069702,1.45381498336792,61460480,0.0,0.0
2024-11-22 21:00:00+00:00,1.4541294574737549,1.4641380310058594,1.4474748373031616,1.4641380310058594,142622720,0.0,0.0
2024-11-22 22:30:00+00:00,1.4650706052780151,1.4886575937271118,1.4525068998336792,1.4695011377334595,243197952,0.0,0.0
2024-11-23 00:00:00+00:00,1.4701027870178223,1.6170662641525269,1.4701027870178223,1.6028375625610352,1667942400,0.0,0.0
2024-11-23 01:30:00+00:00,1.6040852069854736,1.6040852069854736,1.534098505973816,1.5453959703445435,57710592,0.0,0.0
2024-11-23 03:00:00+00:00,1.5448824167251587,1.5716617107391357,1.509264588356018,1.5125195980072021,63186944,0.0,0.0
2024-11-23 04:30:00+00:00,1.5124454498291016,1.5521066188812256,1.5124454498291016,1.5423650741577148,186030080,0.0,0.0
2024-11-23 06:00:00+00:00,1.5426223278045654,1.5622438192367554,1.5380662679672241,1.5510035753250122,29222912,0.0,0.0
2024-11-23 07:30:00+00:00,1.5510531663894653,1.5708881616592407,1.542462944984436,1.5583992004394531,188532736,0.0,0.0
2024-11-23 09:00:00+00:00,1.5583300590515137,1.559161901473999,1.525512933731079,1.528518557548523,51787776,0.0,0.0
2024-11-23 10:30:00+00:00,1.5288883447647095,1.5548796653747559,1.5233749151229858,1.548890233039856,31571968,0.0,0.0
2024-11-23 12:00:00+00:00,1.5483721494674683,1.5537586212158203,1.5278358459472656,1.5508458614349365,0,0.0,0.0
2024-11-23 13:30:00+00:00,1.5516114234924316,1.570540428161621,1.546879768371582,1.56171715259552,2566144,0.0,0.0
2024-11-23 15:00:00+00:00,1.5625386238098145,1.586869239807129,1.4823790788650513,1.491733431816101,367341568,0.0,0.0
2024-11-23 16:30:00+00:00,1.4840179681777954,1.5126923322677612,1.4349952936172485,1.501968264579773,989380608,0.0,0.0
2024-11-23 18:00:00+00:00,1.502083659172058,1.502083659172058,1.4779741764068604,1.4978832006454468,48993280,0.0,0.0
2024-11-23 19:30:00+00:00,1.4978978633880615,1.4978978633880615,1.4297292232513428,1.4585866928100586,252021760,0.0,0.0
2024-11-23 21:00:00+00:00,1.4596704244613647,1.4952526092529297,1.4596704244613647,1.4806873798370361,148667392,0.0,0.0
2024-11-23 22:30:00+00:00,1.4802526235580444,1.4860236644744873,1.463507890701294,1.4691442251205444,16962560,0.0,0.0
2024-11-24 00:00:00+00:00,1.4692822694778442,1.4806979894638062,1.4444316625595093,1.4779865741729736,0,0.0,0.0
2024-11-24 01:30:00+00:00,1.4779027700424194,1.5090841054916382,1.4738720655441284,1.4946132898330688,44459008,0.0,0.0
2024-11-24 03:00:00+00:00,1.493801236152649,1.494396686553955,1.4688705205917358,1.4692118167877197,0,0.0,0.0
2024-11-24 04:30:00+00:00,1.4690321683883667,1.4692939519882202,1.440946340560913,1.4525823593139648,4554752,0.0,0.0
2024-11-24 06:00:00+00:00,1.452649474143982,1.4727952480316162,1.4499436616897583,1.4691654443740845,0,0.0,0.0
2024-11-24 07:30:00+00:00,1.4692246913909912,1.4692246913909912,1.438714623451233,1.4402951002120972,16385024,0.0,0.0
2024-11-24 09:00:00+00:00,1.440335750579834,1.4547319412231445,1.435367226600647,1.4540154933929443,5130240,0.0,0.0
2024-11-24 10:30:00+00:00,1.453694462776184,1.453694462776184,1.387307047843933,1.3873764276504517,657300480,0.0,0.0
2024-11-24 12:00:00+00:00,1.3878968954086304,1.4023571014404297,1.3126920461654663,1.3833913803100586,1649439744,0.0,0.0
2024-11-24 13:30:00+00:00,1.3840433359146118,1.3844937086105347,1.3420891761779785,1.3649202585220337,328862720,0.0,0.0
2024-11-24 15:00:00+00:00,1.3653446435928345,1.3669377565383911,1.308637022972107,1.3515944480895996,215371776,0.0,0.0
2024-11-24 16:30:00+00:00,1.3531360626220703,1.3665398359298706,1.3281800746917725,1.3407615423202515,0,0.0,0.0
2024-11-24 18:00:00+00:00,1.3417216539382935,1.4006186723709106,1.3392553329467773,1.385446310043335,379757568,0.0,0.0
2024-11-24 19:30:00+00:00,1.385125994682312,1.4160655736923218,1.380492925643921,1.4140886068344116,59905024,0.0,0.0
2024-11-24 21:00:00+00:00,1.4153411388397217,1.4583255052566528,1.405820369720459,1.4466270208358765,319913984,0.0,0.0
2024-11-24 22:30:00+00:00,1.4460738897323608,1.454477310180664,1.4278212785720825,1.4319822788238525,195810304,0.0,0.0
2024-11-25 00:00:00+00:00,1.4320428371429443,1.4320428371429443,1.3644036054611206,1.3687868118286133,41041920,0.0,0.0
2024-11-25 01:30:00+00:00,1.3680758476257324,1.3965142965316772,1.3680758476257324,1.3827873468399048,150654976,0.0,0.0
2024-11-25 03:00:00+00:00,1.384022831916809,1.461866855621338,1.384022831916809,1.4560270309448242,335285248,0.0,0.0
2024-11-25 04:30:00+00:00,1.4571683406829834,1.4743382930755615,1.4371312856674194,1.4603055715560913,241552384,0.0,0.0
2024-11-25 06:00:00+00:00,1.460424542427063,1.4678723812103271,1.4541763067245483,1.460391640663147,161460224,0.0,0.0
2024-11-25 07:30:00+00:00,1.460753083229065,1.5337268114089966,1.460753083229065,1.5222169160842896,891880448,0.0,0.0
2024-11-25 09:00:00+00:00,1.5219054222106934,1.5219054222106934,1.4876704216003418,1.4913545846939087,301847552,0.0,0.0
2024-11-25 10:30:00+00:00,1.4918428659439087,1.4967495203018188,1.472909688949585,1.4804167747497559,51914752,0.0,0.0
2024-11-25 12:00:00+00:00,1.4803022146224976,1.484500527381897,1.4314969778060913,1.4314969778060913,0,0.0,0.0
2024-11-25 13:30:00+00:00,1.4346647262573242,1.4495216608047485,1.3974741697311401,1.3974741697311401,94767104,0.0,0.0
2024-11-25 15:00:00+00:00,1.3964346647262573,1.4553117752075195,1.3861693143844604,1.449567437171936,476064768,0.0,0.0
2024-11-25 16:30:00+00:00,1.4491058588027954,1.5063837766647339,1.4277362823486328,1.4511135816574097,920012800,0.0,0.0
2024-11-25 18:00:00+00:00,1.4510481357574463,1.4830143451690674,1.4506233930587769,1.4705075025558472,174529536,0.0,0.0
2024-11-25 19:30:00+00:00,1.4714999198913574,1.4795689582824707,1.4522007703781128,1.460313320159912,83190784,0.0,0.0
2024-11-25 21:00:00+00:00,1.4604289531707764,1.4698245525360107,1.4125125408172607,1.413560152053833,64340992,0.0,0.0
2024-11-25 22:30:00+00:00,1.413533329963684,1.4310328960418701,1.3868963718414307,1.4138113260269165,206344192,0.0,0.0
2024-11-26 00:00:00+00:00,1.415239691734314,1.4418500661849976,1.407142162322998,1.4384688138961792,162410496,0.0,0.0
2024-11-26 01:30:00+00:00,1.4392054080963135,1.4558444023132324,1.4392054080963135,1.4515180587768555,48730112,0.0,0.0
2024-11-26 03:00:00+00:00,1.4513174295425415,1.4519033432006836,1.437199354171753,1.4401781558990479,38993920,0.0,0.0
2024-11-26 04:30:00+00:00,1.439979076385498,1.4544578790664673,1.4375157356262207,1.4503400325775146,0,0.0,0.0
2024-11-26 06:00:00+00:00,1.4506762027740479,1.4527690410614014,1.4118115901947021,1.420466423034668,36818944,0.0,0.0
2024-11-26 07:30:00+00:00,1.4210439920425415,1.4283168315887451,1.3820900917053223,1.3832563161849976,40893440,0.0,0.0
2024-11-26 09:00:00+00:00,1.383473515510559,1.4019593000411987,1.3519186973571777,1.353024959564209,189365248,0.0,0.0
2024-11-26 10:30:00+00:00,1.3532432317733765,1.357997179031372,1.2951884269714355,1.3283605575561523,851009536,0.0,0.0
2024-11-26 12:00:00+00:00,1.3291517496109009,1.349721074104309,1.317740559577942,1.346858024597168,363273216,0.0,0.0
2024-11-26 13:30:00+00:00,1.3470196723937988,1.3811358213424683,1.339788556098938,1.372950553894043,245773312,0.0,0.0
2024-11-26 15:00:00+00:00,1.3719866275787354,1.3846932649612427,1.3470131158828735,1.3846932649612427,8141824,0.0,0.0
2024-11-26 16:30:00+00:00,1.383904218673706,1.3930280208587646,1.3758543729782104,1.3820185661315918,0,0.0,0.0
2024-11-26 18:00:00+00:00,1.3817435503005981,1.3817435503005981,1.3415313959121704,1.3473122119903564,37347328,0.0,0.0
2024-11-26 19:30:00+00:00,1.346750259399414,1.416369915008545,1.3441550731658936,1.4127832651138306,299863040,0.0,0.0
2024-11-26 21:00:00+00:00,1.4120019674301147,1.4158087968826294,1.3949593305587769,1.4044535160064697,74863616,0.0,0.0
2024-11-26 22:30:00+00:00,1.4045625925064087,1.406057357788086,1.3927345275878906,1.4016468524932861,10638336,0.0,0.0
2024-11-27 00:00:00+00:00,1.4008501768112183,1.4151673316955566,1.3679406642913818,1.3825527429580688,114835456,0.0,0.0
2024-11-27 01:30:00+00:00,1.3827711343765259,1.3976922035217285,1.3729474544525146,1.3791227340698242,100043776,0.0,0.0
2024-11-27 03:00:00+00:00,1.378879427909851,1.386510968208313,1.3625922203063965,1.385741949081421,82937856,0.0,0.0
2024-11-27 04:30:00+00:00,1.385656476020813,1.385656476020813,1.357378363609314,1.362065076828003,44022784,0.0,0.0
2024-11-27 06:00:00+00:00,1.3622896671295166,1.3918042182922363,1.3622896671295166,1.3912101984024048,47404032,0.0,0.0
2024-11-27 07:30:00+00:00,1.3914233446121216,1.4358752965927124,1.3914233446121216,1.4343246221542358,180527104,0.0,0.0
2024-11-27 09:00:00+00:00,1.4345543384552002,1.4601539373397827,1.4198158979415894,1.451743483543396,137606144,0.0,0.0
2024-11-27 10:30:00+00:00,1.451686978340149,1.451686978340149,1.4274394512176514,1.432054877281189,5821440,0.0,0.0
2024-11-27 12:00:00+00:00,1.4317680597305298,1.4351837635040283,1.4126969575881958,1.4244674444198608,0,0.0,0.0
2024-11-27 13:30:00+00:00,1.4249109029769897,1.4504997730255127,1.4249109029769897,1.4504997730255127,80518144,0.0,0.0
2024-11-27 15:00:00+00:00,1.4504441022872925,1.500961184501648,1.4389581680297852,1.483838438987732,550946304,0.0,0.0
2024-11-27 16:30:00+00:00,1.4838694334030151,1.496180534362793,1.4695783853530884,1.4895408153533936,100781056,0.0,0.0
2024-11-27 18:00:00+00:00,1.4892817735671997,1.4952126741409302,1.4792555570602417,1.4933853149414062,54462464,0.0,0.0
2024-11-27 19:30:00+00:00,1.4933630228042603,1.5179353952407837,1.4834059476852417,1.494009017944336,162733568,0.0,0.0
2024-11-27 21:00:00+00:00,1.4947553873062134,1.5044533014297485,1.481979489326477,1.4865529537200928,53039104,0.0,0.0
2024-11-27 22:30:00+00:00,1.4870833158493042,1.492861032485962,1.4698762893676758,1.47300386428833,103280128,0.0,0.0
2024-11-28 00:00:00+00:00,1.4727444648742676,1.4727444648742676,1.4551990032196045,1.466234803199768,102950912,0.0,0.0
2024-11-28 01:30:00+00:00,1.4654837846755981,1.4834685325622559,1.4618980884552002,1.4659068584442139,28788224,0.0,0.0
2024-11-28 03:00:00+00:00,1.4664579629898071,1.477482795715332,1.4464232921600342,1.477482795715332,92422656,0.0,0.0
2024-11-28 04:30:00+00:00,1.4774874448776245,1.4797769784927368,1.4660007953643799,1.47952139377594,72950784,0.0,0.0
2024-11-28 06:00:00+00:00,1.4793181419372559,1.489439606666565,1.4741153717041016,1.478508472442627,85027840,0.0,0.0
2024-11-28 07:30:00+00:00,1.4783108234405518,1.4783108234405518,1.4583966732025146,1.4656715393066406,121344,0.0,0.0
2024-11-28 09:00:00+00:00,1.4659125804901123,1.4671839475631714,1.44503653049469,1.4524098634719849,3582464,0.0,0.0
2024-11-28 10:30:00+00:00,1.4525947570800781,1.465423583984375,1.4457584619522095,1.465423583984375,42950656,0.0,0.0
2024-11-28 12:00:00+00:00,1.4654332399368286,1.4736769199371338,1.4552720785140991,1.4626456499099731,55293952,0.0,0.0
2024-11-28 13:30:00+00:00,1.4626715183258057,1.4745147228240967,1.4517183303833008,1.469704270362854,36837888,0.0,0.0
2024-11-28 15:00:00+00:00,1.4690749645233154,1.4690749645233154,1.4345451593399048,1.4486231803894043,25731072,0.0,0.0
2024-11-28 16:30:00+00:00,1.4484801292419434,1.4787172079086304,1.4484801292419434,1.4681401252746582,35267072,0.0,0.0
2024-11-28 18:00:00+00:00,1.4679070711135864,1.480330467224121,1.4673898220062256,1.4775457382202148,4492288,0.0,0.0
2024-11-28 19:30:00+00:00,1.477163314819336,1.4777286052703857,1.4674206972122192,1.4754931926727295,3368448,0.0,0.0
2024-11-28 21:00:00+00:00,1.4753859043121338,1.5003212690353394,1.4753859043121338,1.5003212690353394,70735872,0.0,0.0
2024-11-28 22:30:00+00:00,1.501550316810608,1.542364478111267,1.494433879852295,1.542364478111267,570915328,0.0,0.0
2024-11-29 00:00:00+00:00,1.541981816291809,1.5628854036331177,1.5279327630996704,1.5365619659423828,541846016,0.0,0.0
2024-11-29 01:30:00+00:00,1.5396490097045898,1.5727777481079102,1.5376099348068237,1.567097783088684,270123520,0.0,0.0
2024-11-29 03:00:00+00:00,1.5672106742858887,1.5740091800689697,1.5478516817092896,1.5492459535598755,63272960,0.0,0.0
2024-11-29 04:30:00+00:00,1.5492593050003052,1.5660932064056396,1.5419491529464722,1.564076542854309,158262272,0.0,0.0
2024-11-29 06:00:00+00:00,1.5651236772537231,1.6396814584732056,1.5651236772537231,1.6302498579025269,1152826368,0.0,0.0
2024-11-29 07:30:00+00:00,1.626228928565979,1.626228928565979,1.5950679779052734,1.6136345863342285,501778944,0.0,0.0
2024-11-29 09:00:00+00:00,1.613165259361267,1.664343237876892,1.6032344102859497,1.6500775814056396,670839296,0.0,0.0
2024-11-29 10:30:00+00:00,1.6523268222808838,1.6791510581970215,1.6496299505233765,1.6496299505233765,718366720,0.0,0.0
2024-11-29 12:00:00+00:00,1.649945616722107,1.6856400966644287,1.649945616722107,1.6856400966644287,467335168,0.0,0.0
2024-11-29 13:30:00+00:00,1.686432957649231,1.7423948049545288,1.6794071197509766,1.7407481670379639,1116483584,0.0,0.0
2024-11-29 15:00:00+00:00,1.7422230243682861,1.7668958902359009,1.6923389434814453,1.6923389434814453,1276560384,0.0,0.0
2024-11-29 16:30:00+00:00,1.6914258003234863,1.7132493257522583,1.6914258003234863,1.709948182106018,525288448,0.0,0.0
2024-11-29 18:00:00+00:00,1.708599328994751,1.7291465997695923,1.683210849761963,1.7291465997695923,419560448,0.0,0.0
2024-11-29 19:30:00+00:00,1.729703426361084,1.750428557395935,1.7221616506576538,1.7361375093460083,374097920,0.0,0.0
2024-11-29 21:00:00+00:00,1.7362090349197388,1.7743695974349976,1.7354514598846436,1.7446180582046509,472750080,0.0,0.0
2024-11-29 22:30:00+00:00,1.7468661069869995,1.8115313053131104,1.7468661069869995,1.7971338033676147,529428480,0.0,0.0
2024-11-30 00:00:00+00:00,1.8024240732192993,1.8473503589630127,1.7707815170288086,1.8126078844070435,1018147840,0.0,0.0
2024-11-30 01:30:00+00:00,1.8126025199890137,1.8404463529586792,1.7923871278762817,1.801277995109558,637888512,0.0,0.0
2024-11-30 03:00:00+00:00,1.8015214204788208,1.8384668827056885,1.7796971797943115,1.8384668827056885,398338048,0.0,0.0
2024-11-30 04:30:00+00:00,1.8417565822601318,1.898484468460083,1.8347489833831787,1.8891874551773071,1289987072,0.0,0.0
2024-11-30 06:00:00+00:00,1.8883068561553955,1.9396617412567139,1.8751349449157715,1.9375766515731812,578463744,0.0,0.0
2024-11-30 07:30:00+00:00,1.9380922317504883,1.9422361850738525,1.8922178745269775,1.9071558713912964,441425920,0.0,0.0
2024-11-30 09:00:00+00:00,1.906819462776184,1.916197657585144,1.8545029163360596,1.8647503852844238,257943552,0.0,0.0
2024-11-30 10:30:00+00:00,1.8652169704437256,1.9057670831680298,1.8652169704437256,1.8953973054885864,138901504,0.0,0.0
2024-11-30 12:00:00+00:00,1.894842505455017,1.8970752954483032,1.829203724861145,1.8502835035324097,203386880,0.0,0.0
2024-11-30 13:30:00+00:00,1.8534513711929321,1.8725945949554443,1.8342788219451904,1.8560185432434082,80746496,0.0,0.0
2024-11-30 15:00:00+00:00,1.8467801809310913,1.8797770738601685,1.8426228761672974,1.8746013641357422,14342144,0.0,0.0
2024-11-30 16:30:00+00:00,1.874393105506897,1.904550313949585,1.8616498708724976,1.9035594463348389,191021056,0.0,0.0
2024-11-30 18:00:00+00:00,1.9027107954025269,1.907728672027588,1.871936321258545,1.901808738708496,96065536,0.0,0.0
2024-11-30 19:30:00+00:00,1.9040848016738892,1.9040848016738892,1.884678840637207,1.8934638500213623,61102080,0.0,0.0
2024-11-30 21:00:00+00:00,1.8936952352523804,1.9539391994476318,1.8931690454483032,1.9440304040908813,370672640,0.0,0.0
2024-11-30 22:30:00+00:00,1.9392566680908203,1.946581244468689,1.9087892770767212,1.9439998865127563,152198144,0.0,0.0
2024-12-01 00:00:00+00:00,1.9477527141571045,1.9496172666549683,1.866477370262146,1.8820143938064575,65741824,0.0,0.0
2024-12-01 01:30:00+00:00,1.883834719657898,1.8994017839431763,1.853734016418457,1.8624763488769531,34682880,0.0,0.0
2024-12-01 03:00:00+00:00,1.8651552200317383,1.8992122411727905,1.8651552200317383,1.8990874290466309,40398848,0.0,0.0
2024-12-01 04:30:00+00:00,1.8990161418914795,1.8994314670562744,1.8585602045059204,1.8585675954818726,0,0.0,0.0
2024-12-01 06:00:00+00:00,1.8588114976882935,1.8839545249938965,1.8588114976882935,1.8839545249938965,0,0.0,0.0
2024-12-01 07:30:00+00:00,1.8839855194091797,1.9096804857254028,1.8725905418395996,1.9096804857254028,0,0.0,0.0
2024-12-01 09:00:00+00:00,1.908944845199585,1.9457098245620728,1.908944845199585,1.921547532081604,301521920,0.0,0.0
2024-12-01 10:30:00+00:00,1.9216547012329102,1.9358775615692139,1.900536060333252,1.9019335508346558,15723520,0.0,0.0
2024-12-01 12:00:00+00:00,1.908225417137146,1.9183789491653442,1.897538185119629,1.9149210453033447,273408,0.0,0.0
2024-12-01 13:30:00+00:00,1.914914608001709,1.9189651012420654,1.898837685585022,1.918479084968567,51522560,0.0,0.0
2024-12-01 15:00:00+00:00,1.918411374092102,1.9185466766357422,1.8859302997589111,1.8953872919082642,62932992,0.0,0.0
2024-12-01 16:30:00+00:00,1.8959074020385742,1.9258983135223389,1.8959074020385742,1.9258983135223389,45904896,0.0,0.0
2024-12-01 18:00:00+00:00,1.9261491298675537,2.056877374649048,1.9261491298675537,2.056877374649048,1533636608,0.0,0.0
2024-12-01 19:30:00+00:00,2.053952932357788,2.189272403717041,2.0509917736053467,2.160524845123291,3836736512,0.0,0.0
2024-12-01 21:00:00+00:00,2.161170482635498,2.180506706237793,2.1449244022369385,2.1680023670196533,804756480,0.0,0.0
2024-12-01 22:30:00+00:00,2.1666247844696045,2.3307573795318604,2.1561694145202637,2.3307573795318604,1585269760,0.0,0.0
2024-12-02 00:00:00+00:00,2.3160457611083984,2.4911534786224365,2.2986178398132324,2.4911534786224365,3232604160,0.0,0.0
2024-12-02 01:30:00+00:00,2.4909250736236572,2.4909250736236572,2.3163745403289795,2.3998825550079346,2895742976,0.0,0.0
2024-12-02 03:00:00+00:00,2.3964526653289795,2.4699010848999023,2.366460084915161,2.3811464309692383,2169147392,0.0,0.0
2024-12-02 04:30:00+00:00,2.3783841133117676,2.4640777111053467,2.3718860149383545,2.461942672729492,1547665408,0.0,0.0
2024-12-02 06:00:00+00:00,2.461359977722168,2.461359977722168,2.3835134506225586,2.4139323234558105,1424674816,0.0,0.0
2024-12-02 07:30:00+00:00,2.4118332862854004,2.4467830657958984,2.2472984790802,2.275218963623047,2421473280,0.0,0.0
2024-12-02 09:00:00+00:00,2.274024486541748,2.3579518795013428,2.274024486541748,2.310187816619873,1350273024,0.0,0.0
2024-12-02 10:30:00+00:00,2.3103106021881104,2.318789482116699,2.2445123195648193,2.318789482116699,1509910528,0.0,0.0
2024-12-02 12:00:00+00:00,2.3168294429779053,2.410160779953003,2.3080086708068848,2.410160779953003,1674321920,0.0,0.0
2024-12-02 13:30:00+00:00,2.410644769668579,2.6557650566101074,2.4087488651275635,2.594428062438965,4716617728,0.0,0.0
2024-12-02 15:00:00+00:00,2.6188559532165527,2.8495192527770996,2.6188559532165527,2.8281915187835693,9251819520,0.0,0.0
2024-12-02 16:30:00+00:00,2.8150224685668945,2.8150224685668945,2.6054768562316895,2.6170871257781982,3794223104,0.0,0.0
2024-12-02 18:00:00+00:00,2.6284918785095215,2.72802734375,2.6284918785095215,2.71185302734375,1835565056,0.0,0.0
2024-12-02 19:30:00+00:00,2.713294744491577,2.7893431186676025,2.713294744491577,2.7170231342315674,259346432,0.0,0.0
2024-12-02 21:00:00+00:00,2.7202115058898926,2.758618116378784,2.6538989543914795,2.7525370121002197,870088704,0.0,0.0
2024-12-02 22:30:00+00:00,2.750195026397705,2.7835872173309326,2.7008705139160156,2.715675115585327,547729408,0.0,0.0
2024-12-03 00:00:00+00:00,2.7183356285095215,2.7440383434295654,2.660870313644409,2.7265007495880127,134770688,0.0,0.0
2024-12-03 01:30:00+00:00,2.7281126976013184,2.734647274017334,2.676586866378784,2.6936991214752197,0,0.0,0.0
2024-12-03 03:00:00+00:00,2.693127393722534,2.7639567852020264,2.6922624111175537,2.7448339462280273,23003136,0.0,0.0
2024-12-03 04:30:00+00:00,2.746203899383545,2.746203899383545,2.7049338817596436,2.74259877204895,159621120,0.0,0.0
2024-12-03 06:00:00+00:00,2.7434980869293213,2.745717763900757,2.540562152862549,2.575227975845337,832978944,0.0,0.0
2024-12-03 07:30:00+00:00,2.576178789138794,2.690518617630005,2.5478498935699463,2.6897072792053223,636891136,0.0,0.0
2024-12-03 09:00:00+00:00,2.690559148788452,2.690559148788452,2.6120128631591797,2.6359517574310303,0,0.0,0.0
2024-12-03 10:30:00+00:00,2.6342227458953857,2.8437578678131104,2.5771005153656006,2.8437578678131104,1374142464,0.0,0.0
2024-12-03 12:00:00+00:00,2.841721534729004,2.862447500228882,2.6780970096588135,2.6780970096588135,2171297792,0.0,0.0
2024-12-03 13:30:00+00:00,2.6790459156036377,2.6790459156036377,2.36739182472229,2.493480920791626,5162295296,0.0,0.0
2024-12-03 15:00:00+00:00,2.486555337905884,2.5890862941741943,2.427175283432007,2.5687077045440674,1174183936,0.0,0.0
2024-12-03 16:30:00+00:00,2.566267967224121,2.586745500564575,2.4970788955688477,2.570147752761841,169664512,0.0,0.0
2024-12-03 18:00:00+00:00,2.571072816848755,2.571072816848755,2.5008721351623535,2.514967918395996,15847424,0.0,0.0
2024-12-03 19:30:00+00:00,2.5178382396698,2.62430477142334,2.5178382396698,2.612346649169922,588210176,0.0,0.0
2024-12-03 21:00:00+00:00,2.6101276874542236,2.683349609375,2.596299171447754,2.6189208030700684,389468160,0.0,0.0
2024-12-03 22:30:00+00:00,2.6221532821655273,2.6221532821655273,2.528198719024658,2.528198719024658,63754240,0.0,0.0
2024-12-04 00:00:00+00:00,2.5238964557647705,2.5679924488067627,2.514220714569092,2.547511100769043,190902272,0.0,0.0
2024-12-04 01:30:00+00:00,2.547783136367798,2.5758461952209473,2.5124502182006836,2.5295705795288086,355409920,0.0,0.0
2024-12-04 03:00:00+00:00,2.529917001724243,2.5605130195617676,2.529917001724243,2.5514183044433594,285982720,0.0,0.0
2024-12-04 04:30:00+00:00,2.550964832305908,2.6274309158325195,2.546093463897705,2.621696949005127,345427968,0.0,0.0
2024-12-04 06:00:00+00:00,2.618530035018921,2.6411492824554443,2.601757526397705,2.637543201446533,280731648,0.0,0.0
2024-12-04 07:30:00+00:00,2.637845754623413,2.6699140071868896,2.62571120262146,2.6498165130615234,110534656,0.0,0.0
2024-12-04 09:00:00+00:00,2.650031805038452,2.6551477909088135,2.6223514080047607,2.6223933696746826,45092864,0.0,0.0
2024-12-04 10:30:00+00:00,2.6223020553588867,2.657625675201416,2.6158833503723145,2.621372938156128,68222976,0.0,0.0
2024-12-04 12:00:00+00:00,2.6196608543395996,2.6196608543395996,2.5473175048828125,2.5510265827178955,0,0.0,0.0
2024-12-04 13:30:00+00:00,2.5517399311065674,2.606739044189453,2.535820484161377,2.5725152492523193,0,0.0,0.0
2024-12-04 15:00:00+00:00,2.5720953941345215,2.5791358947753906,2.423670768737793,2.4557456970214844,356753408,0.0,0.0
2024-12-04 16:30:00+00:00,2.4559826850891113,2.4559826850891113,2.344456195831299,2.3927886486053467,708247552,0.0,0.0
2024-12-04 18:00:00+00:00,2.392563581466675,2.4633901119232178,2.392563581466675,2.4365711212158203,512249856,0.0,0.0
2024-12-04 19:30:00+00:00,2.437329053878784,2.4380643367767334,2.3698177337646484,2.3825809955596924,479520768,0.0,0.0
2024-12-04 21:00:00+00:00,2.3843891620635986,2.389755964279175,2.3177101612091064,2.35184907913208,304087040,0.0,0.0
